actor,p0,stratum,input,outcome,bin,n_lhs,x_mean,response_mean,response_min,response_max
legal,10,legal_p010,legal-strength,E_mean,1,50,9.74854504598,18.2830613333,13.6136666667,43.0194666667
legal,10,legal_p010,legal-strength,E_mean,2,50,19.2479282947,25.468652,14.8618666667,84.8412
legal,10,legal_p010,legal-strength,E_mean,3,50,28.7539838756,29.407752,17.0917333333,86.854
legal,10,legal_p010,legal-strength,E_mean,4,50,38.2658545736,31.3207986667,19.4890666667,88.2739333333
legal,10,legal_p010,legal-strength,E_mean,5,50,47.7492592006,37.1627026667,22.7304,95.2620666667
legal,10,legal_p010,legal-strength,E_mean,6,50,57.2529530669,45.180476,23.3693333333,97.7262
legal,10,legal_p010,legal-strength,E_mean,7,50,66.7586643919,55.151844,26.3192,99.6542666667
legal,10,legal_p010,legal-strength,E_mean,8,50,76.2658390826,61.2575613333,34.8248,99.8829333333
legal,10,legal_p010,legal-strength,E_mean,9,50,85.7418332493,62.455268,33.8332,99.9464
legal,10,legal_p010,legal-strength,E_mean,10,50,95.2670594089,69.304928,36.8296666667,99.9846
