condition_id,lhs_point_id,x,y
696,1,13,50.9604
697,2,6,78.2221333333
698,3,7,18.1624
699,4,10,62.6113333333
700,5,18,10.9812666667
701,6,7,18.6125333333
702,7,5,13.2589333333
703,8,2,45.2703333333
704,9,18,36.6831333333
705,10,15,41.6917333333
706,11,12,17.5506666667
707,12,3,16.2934666667
708,13,10,42.7363333333
709,14,14,11.7609333333
710,15,8,50.7832
711,16,12,14.6263333333
712,17,14,9.52173333333
713,18,17,12.5234666667
714,19,2,94.2961333333
715,20,2,99.6428
716,21,9,24.2228666667
717,22,17,20.4731333333
718,23,1,56.7129333333
719,24,16,16.181
720,25,8,29.9873333333
721,26,15,17.2043333333
722,27,13,22.8792666667
723,28,4,10.4456666667
724,29,18,21.3503333333
725,30,16,10.5036
726,31,2,94.3850666667
727,32,19,19.0872
728,33,19,37.3553333333
729,34,15,27.8947333333
730,35,14,12.1109333333
731,36,18,8.99766666667
732,37,15,43.8328666667
733,38,7,54.8744
734,39,8,48.9289333333
735,40,19,14.0367333333
736,41,6,34.4272
737,42,2,60.8625333333
738,43,10,65.2868
739,44,1,70.5084666667
740,45,17,27.2086666667
741,46,12,14.8012
742,47,11,19.7142666667
743,48,12,81.9776
744,49,11,39.7099333333
745,50,8,28.9956
746,51,13,43.0274666667
747,52,15,46.7264
748,53,8,14.7750666667
749,54,14,34.9236
750,55,12,17.141
751,56,10,18.924
752,57,12,12.0683333333
753,58,5,75.6703333333
754,59,14,41.2628
755,60,11,21.3782
756,61,14,30.9521333333
757,62,17,24.0758
758,63,3,91.9542666667
759,64,14,37.9790666667
760,65,3,83.146
761,66,14,56.2362
762,67,3,86.1198666667
763,68,11,29.3189333333
764,69,8,33.2359333333
765,70,8,9.10573333333
766,71,14,40.6962
767,72,6,16.2142
768,73,1,57.4796666667
769,74,16,20.4626666667
770,75,19,12.5810666667
771,76,3,15.3635333333
772,77,4,80.9054
773,78,20,21.9649333333
774,79,5,28.5990666667
775,80,5,13.4098666667
776,81,5,90.4308
777,82,13,26.3163333333
778,83,17,48.0092
779,84,10,41.7500666667
780,85,20,11.9303333333
781,86,1,99.9306
782,87,17,34.6073333333
783,88,9,60.1462
784,89,20,17.3151333333
785,90,20,34.4031333333
786,91,4,94.9650666667
787,92,20,14.7938666667
788,93,19,12.9605333333
789,94,2,99.5843333333
790,95,3,99.4909333333
791,96,6,16.5903333333
792,97,16,21.6807333333
793,98,3,24.1932
794,99,7,46.6576
795,100,6,66.0507333333
796,101,6,16.9006666667
797,102,17,53.0314666667
798,103,14,62.9698666667
799,104,8,66.0075333333
800,105,11,58.5922
801,106,1,55.1055333333
802,107,3,82.4132
803,108,7,30.8134
804,109,18,18.0233333333
805,110,20,11.7506
806,111,6,60.8427333333
807,112,1,91.3011333333
808,113,20,20.9196
809,114,5,45.2462
810,115,4,57.6510666667
811,116,18,11.5252
812,117,11,30.0868
813,118,3,21.2001333333
814,119,1,86.6474666667
815,120,13,50.3250666667
816,121,6,16.7455333333
817,122,1,47.0418
818,123,1,98.7108666667
819,124,10,16.6544666667
820,125,4,84.5168666667
821,126,20,13.5373333333
822,127,14,16.9064666667
823,128,6,60.5332666667
824,129,7,44.8781333333
825,130,7,39.9874
826,131,17,22.4218666667
827,132,5,79.8351333333
828,133,8,46.4606666667
829,134,11,19.7932666667
830,135,12,12.2264
831,136,8,77.6486666667
832,137,11,17.9544666667
833,138,20,17.4124666667
834,139,16,18.8857333333
835,140,7,28.7333333333
836,141,12,40.1564666667
837,142,5,35.493
838,143,14,8.19273333333
839,144,11,18.1590666667
840,145,4,27.2063333333
841,146,13,17.8126
842,147,4,39.2298666667
843,148,19,14.47
844,149,17,44.1958666667
845,150,11,42.3441333333
846,151,5,87.4354
847,152,1,99.6819333333
848,153,1,99.8355333333
849,154,20,51.0746
850,155,8,12.7300666667
851,156,12,22.6396
852,157,1,99.6111333333
853,158,17,35.9482666667
854,159,15,8.24786666667
855,160,14,43.2032666667
856,161,2,98.5836
857,162,7,38.2726
858,163,6,82.2629333333
859,164,5,16.6532
860,165,4,38.1695333333
861,166,18,17.5849333333
862,167,15,11.8602666667
863,168,13,25.9938
864,169,10,21.8699333333
865,170,17,19.6386666667
866,171,7,56.5184666667
867,172,3,67.2714
868,173,4,67.2031333333
869,174,5,19.4681333333
870,175,10,22.4302666667
871,176,16,36.9327333333
872,177,15,20.9292
873,178,14,15.5109333333
874,179,12,28.6100666667
875,180,18,27.1250666667
876,181,1,99.4707333333
877,182,3,44.1361333333
878,183,16,40.9612666667
879,184,12,14.452
880,185,20,8.73626666667
881,186,18,9.38713333333
882,187,15,31.2238666667
883,188,3,99.0158666667
884,189,19,8.99986666667
885,190,6,38.8005333333
886,191,6,61.1516
887,192,11,40.0772666667
888,193,16,8.59513333333
889,194,11,52.4978
890,195,5,48.6728
891,196,16,35.5148666667
892,197,16,25.4266666667
893,198,5,25.273
894,199,8,29.0078666667
895,200,12,40.4801333333
896,201,11,45.8576
897,202,12,18.1470666667
898,203,9,41.8508
899,204,15,10.2701333333
900,205,2,17.3485333333
901,206,16,41.0557333333
902,207,18,10.2416666667
903,208,14,42.7253333333
904,209,19,9.97373333333
905,210,20,41.2348666667
906,211,3,42.4978666667
907,212,9,19.3956666667
908,213,4,85.1373333333
909,214,14,11.7154
910,215,16,37.8056666667
911,216,1,99.7578666667
912,217,2,98.4645333333
913,218,4,49.2916666667
914,219,9,68.8514
915,220,12,39.0522666667
916,221,7,50.4775333333
917,222,7,22.2584
918,223,19,14.9152666667
919,224,9,20.4795333333
920,225,11,39.7035333333
921,226,9,11.1782
922,227,17,32.9838
923,228,7,18.2104666667
924,229,2,99.6958666667
925,230,16,8.45173333333
926,231,19,10.38
927,232,14,22.5606666667
928,233,6,33.7433333333
929,234,6,23.7472666667
930,235,17,43.8830666667
931,236,17,19.1683333333
932,237,5,38.336
933,238,5,72.5836666667
934,239,19,9.6344
935,240,10,24.7890666667
936,241,4,16.6470666667
937,242,1,99.0804
938,243,10,8.92146666667
939,244,19,26.5154
940,245,17,21.7196
941,246,2,54.7497333333
942,247,17,9.75546666667
943,248,19,27.9572
944,249,9,53.3707333333
945,250,4,64.2963333333
946,251,2,14.1438666667
947,252,10,13.3382666667
948,253,19,36.2551333333
949,254,7,42.588
950,255,8,22.1471333333
951,256,12,8.2856
952,257,1,63.2757333333
953,258,20,30.2890666667
954,259,1,25.3063333333
955,260,19,10.8598
956,261,15,14.8694666667
957,262,3,91.8410666667
958,263,7,13.0034666667
959,264,16,18.5378666667
960,265,18,14.3788
961,266,10,40.7798
962,267,10,8.95566666667
963,268,15,10.5979333333
964,269,10,28.981
965,270,9,44.7880666667
966,271,12,24.6958666667
967,272,20,9.56913333333
968,273,15,39.0763333333
969,274,5,24.5245333333
970,275,12,11.7472
971,276,4,79.4115333333
972,277,20,29.1308666667
973,278,2,40.6093333333
974,279,2,96.2902666667
975,280,9,41.3756666667
976,281,20,14.7442
977,282,3,78.3032
978,283,13,46.5620666667
979,284,10,18.2726666667
980,285,12,34.9714666667
981,286,19,8.32273333333
982,287,6,43.9085333333
983,288,2,93.5429333333
984,289,18,32.9631333333
985,290,13,40.9717333333
986,291,15,27.8658666667
987,292,12,25.6180666667
988,293,5,97.9040666667
989,294,18,8.7738
990,295,14,16.7031333333
991,296,13,43.0507333333
992,297,2,30.4200666667
993,298,16,17.1434
994,299,10,21.5760666667
995,300,4,86.1956
996,301,20,33.2621333333
997,302,20,18.6212
998,303,1,99.6513333333
999,304,9,62.0203333333
1000,305,6,26.8636
1001,306,10,78.0514666667
1002,307,11,57.3835333333
1003,308,18,39.7358
1004,309,1,98.7936666667
1005,310,2,29.0543333333
1006,311,11,8.3042
1007,312,11,28.9508
1008,313,11,14.3904666667
1009,314,8,24.8343333333
1010,315,5,40.4859333333
1011,316,20,35.2574666667
1012,317,15,8.9392
1013,318,7,10.2963333333
1014,319,2,99.3478666667
1015,320,2,27.7405333333
1016,321,4,47.4472
1017,322,5,81.6778
1018,323,16,15.4149333333
1019,324,15,39.2208
1020,325,4,12.5508
1021,326,13,12.9319333333
1022,327,15,35.4983333333
1023,328,12,9.42573333333
1024,329,13,18.3374666667
1025,330,13,47.9400666667
1026,331,3,95.0239333333
1027,332,7,77.7416666667
1028,333,8,10.7852
1029,334,20,8.05986666667
1030,335,3,38.9633333333
1031,336,17,21.0340666667
1032,337,17,20.1225333333
1033,338,11,39.7864666667
1034,339,16,14.3472666667
1035,340,11,39.9183333333
1036,341,4,23.8731333333
1037,342,9,11.7505333333
1038,343,3,32.1486
1039,344,5,13.2396
1040,345,19,8.55993333333
1041,346,15,11.5448
1042,347,9,27.4313333333
1043,348,18,33.4894666667
1044,349,3,17.7878666667
1045,350,13,44.177
1046,351,5,12.5829333333
1047,352,12,38.5794666667
1048,353,6,19.9496666667
1049,354,10,30.718
1050,355,19,18.0425333333
1051,356,12,41.0081333333
1052,357,17,16.3038
1053,358,3,44.8040666667
1054,359,9,49.7129333333
1055,360,2,17.935
1056,361,6,32.5782
1057,362,12,13.9392
1058,363,9,67.9796666667
1059,364,2,20.9356666667
1060,365,8,11.3398666667
1061,366,18,13.9656
1062,367,13,9.62986666667
1063,368,19,17.1506666667
1064,369,8,50.873
1065,370,9,15.7396
1066,371,13,19.1477333333
1067,372,9,59.2865333333
1068,373,11,42.3788
1069,374,12,8.9472
1070,375,13,14.9339333333
1071,376,2,97.0565333333
1072,377,7,20.0226
1073,378,3,84.4298
1074,379,8,13.8058
1075,380,15,38.5925333333
1076,381,16,38.1532666667
1077,382,1,99.9536
1078,383,10,16.5953333333
1079,384,3,95.4604666667
1080,385,6,70.0102
1081,386,11,15.4032666667
1082,387,10,13.3209333333
1083,388,14,43.1759333333
1084,389,18,17.3738
1085,390,1,73.5904666667
1086,391,8,43.7978666667
1087,392,16,17.7725333333
1088,393,13,42.3788
1089,394,19,20.5817333333
1090,395,11,10.2083333333
1091,396,10,43.4234666667
1092,397,7,40.4437333333
1093,398,18,8.0782
1094,399,18,22.7170666667
1095,400,8,9.5814
1096,401,6,74.8006666667
1097,402,13,37.1084666667
1098,403,13,11.8846
1099,404,16,53.7565333333
1100,405,1,74.1474666667
1101,406,7,41.2449333333
1102,407,19,20.0642
1103,408,1,99.8388
1104,409,17,10.0114666667
1105,410,9,24.7247333333
1106,411,3,50.4272666667
1107,412,15,61.0500666667
1108,413,18,33.4296
1109,414,13,9.80173333333
1110,415,7,69.3146666667
1111,416,19,13.9770666667
1112,417,20,9.1538
1113,418,9,18.5278
1114,419,2,60.3580666667
1115,420,8,18.4246666667
1116,421,7,67.9879333333
1117,422,20,36.7305333333
1118,423,11,44.558
1119,424,9,17.2284666667
1120,425,14,31.0572
1121,426,4,88.2407333333
1122,427,15,20.9909333333
1123,428,19,17.4506
1124,429,5,74.9305333333
1125,430,4,95.2769333333
1126,431,13,59.9926
1127,432,19,29.9583333333
1128,433,9,72.8679333333
1129,434,6,93.5061333333
1130,435,13,17.1066666667
1131,436,3,46.0487333333
1132,437,1,61.4431333333
1133,438,18,34.5431333333
1134,439,10,41.3661333333
1135,440,9,36.1803333333
1136,441,13,44.6434666667
1137,442,18,35.2840666667
1138,443,4,97.4418
1139,444,4,86.1506666667
1140,445,6,19.7130666667
1141,446,20,26.7504666667
1142,447,6,79.7708
1143,448,19,9.83606666667
1144,449,8,66.1973333333
1145,450,8,9.80746666667
1146,451,6,69.2499333333
1147,452,5,9.8724
1148,453,2,20.4148
1149,454,18,18.4111333333
1150,455,9,21.7963333333
1151,456,2,66.7356666667
1152,457,16,10.6742
1153,458,8,37.3686666667
1154,459,9,39.5056
1155,460,14,49.1242666667
1156,461,1,99.1597333333
1157,462,15,25.9404
1158,463,7,32.8288
1159,464,5,34.4368
1160,465,3,75.3894
1161,466,4,59.0174
1162,467,15,59.5566
1163,468,9,11.8496
1164,469,17,27.1644666667
1165,470,7,71.0874666667
1166,471,18,14.5076
1167,472,4,22.6183333333
1168,473,10,35.8882666667
1169,474,16,25.1367333333
1170,475,6,59.4015333333
1171,476,16,10.621
1172,477,14,17.6526
1173,478,5,85.4268666667
1174,479,10,10.4164666667
1175,480,10,8.83973333333
1176,481,4,66.1643333333
1177,482,11,40.8096
1178,483,17,18.1461333333
1179,484,16,12.3718
1180,485,14,24.0128666667
1181,486,17,16.5648666667
1182,487,8,30.8919333333
1183,488,18,14.1613333333
1184,489,20,8.9714
1185,490,17,7.88273333333
1186,491,20,39.605
1187,492,7,52.4550666667
1188,493,12,47.5205333333
1189,494,15,11.4466
1190,495,17,19.4814
1191,496,15,18.4326
1192,497,14,15.6380666667
1193,498,14,26.9394
1194,499,16,37.9426
1195,500,13,70.3046666667
