condition_id,step,outcome,n,n_total,n_missing,mean,sd,se,ci_low,ci_high,ci_status,configuration_hash,design_family,primary_module,sensitivity_actor,lhs_point_id,output_mode,expected_rows_per_run,network-type,num-nodes,ba-m,ws-rewire-prob,p0,beta0,amplification,super-ratio,treatment,targeting-mode,legal-strength,legal-response-time,legal-tpr,legal-tnr,platform-speed,platform-tpr,platform-tnr,platform-workload-mode,demand-kappa,lambda-weight,max-ticks
1,0,O,30,30,0,0,0,0,0,0,zero_sample_variance,5335d7a31d286cb18999eda2ee708e34b45d35a5ab141e0c292b4644717869cf,grid,baseline_none,,,trajectory,51,BA,1000,2,0.10000000000000001,10,0.10000000000000001,0.5,1,none,targeted,70,5,95,95,75,80,80,fixed,1,1,50
1,1,O,30,30,0,0,0,0,0,0,zero_sample_variance,5335d7a31d286cb18999eda2ee708e34b45d35a5ab141e0c292b4644717869cf,grid,baseline_none,,,trajectory,51,BA,1000,2,0.10000000000000001,10,0.10000000000000001,0.5,1,none,targeted,70,5,95,95,75,80,80,fixed,1,1,50
1,2,O,30,30,0,0,0,0,0,0,zero_sample_variance,5335d7a31d286cb18999eda2ee708e34b45d35a5ab141e0c292b4644717869cf,grid,baseline_none,,,trajectory,51,BA,1000,2,0.10000000000000001,10,0.10000000000000001,0.5,1,none,targeted,70,5,95,95,75,80,80,fixed,1,1,50
1,3,O,30,30,0,0,0,0,0,0,zero_sample_variance,5335d7a31d286cb18999eda2ee708e34b45d35a5ab141e0c292b4644717869cf,grid,baseline_none,,,trajectory,51,BA,1000,2,0.10000000000000001,10,0.10000000000000001,0.5,1,none,targeted,70,5,95,95,75,80,80,fixed,1,1,50
1,4,O,30,30,0,0,0,0,0,0,zero_sample_variance,5335d7a31d286cb18999eda2ee708e34b45d35a5ab141e0c292b4644717869cf,grid,baseline_none,,,trajectory,51,BA,1000,2,0.10000000000000001,10,0.10000000000000001,0.5,1,none,targeted,70,5,95,95,75,80,80,fixed,1,1,50
1,5,O,30,30,0,0,0,0,0,0,zero_sample_variance,5335d7a31d286cb18999eda2ee708e34b45d35a5ab141e0c292b4644717869cf,grid,baseline_none,,,trajectory,51,BA,1000,2,0.10000000000000001,10,0.10000000000000001,0.5,1,none,targeted,70,5,95,95,75,80,80,fixed,1,1,50
1,6,O,30,30,0,0,0,0,0,0,zero_sample_variance,5335d7a31d286cb18999eda2ee708e34b45d35a5ab141e0c292b4644717869cf,grid,baseline_none,,,trajectory,51,BA,1000,2,0.10000000000000001,10,0.10000000000000001,0.5,1,none,targeted,70,5,95,95,75,80,80,fixed,1,1,50
1,7,O,30,30,0,0,0,0,0,0,zero_sample_variance,5335d7a31d286cb18999eda2ee708e34b45d35a5ab141e0c292b4644717869cf,grid,baseline_none,,,trajectory,51,BA,1000,2,0.10000000000000001,10,0.10000000000000001,0.5,1,none,targeted,70,5,95,95,75,80,80,fixed,1,1,50
1,8,O,30,30,0,0,0,0,0,0,zero_sample_variance,5335d7a31d286cb18999eda2ee708e34b45d35a5ab141e0c292b4644717869cf,grid,baseline_none,,,trajectory,51,BA,1000,2,0.10000000000000001,10,0.10000000000000001,0.5,1,none,targeted,70,5,95,95,75,80,80,fixed,1,1,50
1,9,O,30,30,0,0,0,0,0,0,zero_sample_variance,5335d7a31d286cb18999eda2ee708e34b45d35a5ab141e0c292b4644717869cf,grid,baseline_none,,,trajectory,51,BA,1000,2,0.10000000000000001,10,0.10000000000000001,0.5,1,none,targeted,70,5,95,95,75,80,80,fixed,1,1,50
1,10,O,30,30,0,0,0,0,0,0,zero_sample_variance,5335d7a31d286cb18999eda2ee708e34b45d35a5ab141e0c292b4644717869cf,grid,baseline_none,,,trajectory,51,BA,1000,2,0.10000000000000001,10,0.10000000000000001,0.5,1,none,targeted,70,5,95,95,75,80,80,fixed,1,1,50
1,11,O,30,30,0,0,0,0,0,0,zero_sample_variance,5335d7a31d286cb18999eda2ee708e34b45d35a5ab141e0c292b4644717869cf,grid,baseline_none,,,trajectory,51,BA,1000,2,0.10000000000000001,10,0.10000000000000001,0.5,1,none,targeted,70,5,95,95,75,80,80,fixed,1,1,50
1,12,O,30,30,0,0,0,0,0,0,zero_sample_variance,5335d7a31d286cb18999eda2ee708e34b45d35a5ab141e0c292b4644717869cf,grid,baseline_none,,,trajectory,51,BA,1000,2,0.10000000000000001,10,0.10000000000000001,0.5,1,none,targeted,70,5,95,95,75,80,80,fixed,1,1,50
1,13,O,30,30,0,0,0,0,0,0,zero_sample_variance,5335d7a31d286cb18999eda2ee708e34b45d35a5ab141e0c292b4644717869cf,grid,baseline_none,,,trajectory,51,BA,1000,2,0.10000000000000001,10,0.10000000000000001,0.5,1,none,targeted,70,5,95,95,75,80,80,fixed,1,1,50
1,14,O,30,30,0,0,0,0,0,0,zero_sample_variance,5335d7a31d286cb18999eda2ee708e34b45d35a5ab141e0c292b4644717869cf,grid,baseline_none,,,trajectory,51,BA,1000,2,0.10000000000000001,10,0.10000000000000001,0.5,1,none,targeted,70,5,95,95,75,80,80,fixed,1,1,50
1,15,O,30,30,0,0,0,0,0,0,zero_sample_variance,5335d7a31d286cb18999eda2ee708e34b45d35a5ab141e0c292b4644717869cf,grid,baseline_none,,,trajectory,51,BA,1000,2,0.10000000000000001,10,0.10000000000000001,0.5,1,none,targeted,70,5,95,95,75,80,80,fixed,1,1,50
1,16,O,30,30,0,0,0,0,0,0,zero_sample_variance,5335d7a31d286cb18999eda2ee708e34b45d35a5ab141e0c292b4644717869cf,grid,baseline_none,,,trajectory,51,BA,1000,2,0.10000000000000001,10,0.10000000000000001,0.5,1,none,targeted,70,5,95,95,75,80,80,fixed,1,1,50
1,17,O,30,30,0,0,0,0,0,0,zero_sample_variance,5335d7a31d286cb18999eda2ee708e34b45d35a5ab141e0c292b4644717869cf,grid,baseline_none,,,trajectory,51,BA,1000,2,0.10000000000000001,10,0.10000000000000001,0.5,1,none,targeted,70,5,95,95,75,80,80,fixed,1,1,50
1,18,O,30,30,0,0,0,0,0,0,zero_sample_variance,5335d7a31d286cb18999eda2ee708e34b45d35a5ab141e0c292b4644717869cf,grid,baseline_none,,,trajectory,51,BA,1000,2,0.10000000000000001,10,0.10000000000000001,0.5,1,none,targeted,70,5,95,95,75,80,80,fixed,1,1,50
1,19,O,30,30,0,0,0,0,0,0,zero_sample_variance,5335d7a31d286cb18999eda2ee708e34b45d35a5ab141e0c292b4644717869cf,grid,baseline_none,,,trajectory,51,BA,1000,2,0.10000000000000001,10,0.10000000000000001,0.5,1,none,targeted,70,5,95,95,75,80,80,fixed,1,1,50
1,20,O,30,30,0,0,0,0,0,0,zero_sample_variance,5335d7a31d286cb18999eda2ee708e34b45d35a5ab141e0c292b4644717869cf,grid,baseline_none,,,trajectory,51,BA,1000,2,0.10000000000000001,10,0.10000000000000001,0.5,1,none,targeted,70,5,95,95,75,80,80,fixed,1,1,50
1,21,O,30,30,0,0,0,0,0,0,zero_sample_variance,5335d7a31d286cb18999eda2ee708e34b45d35a5ab141e0c292b4644717869cf,grid,baseline_none,,,trajectory,51,BA,1000,2,0.10000000000000001,10,0.10000000000000001,0.5,1,none,targeted,70,5,95,95,75,80,80,fixed,1,1,50
1,22,O,30,30,0,0,0,0,0,0,zero_sample_variance,5335d7a31d286cb18999eda2ee708e34b45d35a5ab141e0c292b4644717869cf,grid,baseline_none,,,trajectory,51,BA,1000,2,0.10000000000000001,10,0.10000000000000001,0.5,1,none,targeted,70,5,95,95,75,80,80,fixed,1,1,50
1,23,O,30,30,0,0,0,0,0,0,zero_sample_variance,5335d7a31d286cb18999eda2ee708e34b45d35a5ab141e0c292b4644717869cf,grid,baseline_none,,,trajectory,51,BA,1000,2,0.10000000000000001,10,0.10000000000000001,0.5,1,none,targeted,70,5,95,95,75,80,80,fixed,1,1,50
1,24,O,30,30,0,0,0,0,0,0,zero_sample_variance,5335d7a31d286cb18999eda2ee708e34b45d35a5ab141e0c292b4644717869cf,grid,baseline_none,,,trajectory,51,BA,1000,2,0.10000000000000001,10,0.10000000000000001,0.5,1,none,targeted,70,5,95,95,75,80,80,fixed,1,1,50
1,25,O,30,30,0,0,0,0,0,0,zero_sample_variance,5335d7a31d286cb18999eda2ee708e34b45d35a5ab141e0c292b4644717869cf,grid,baseline_none,,,trajectory,51,BA,1000,2,0.10000000000000001,10,0.10000000000000001,0.5,1,none,targeted,70,5,95,95,75,80,80,fixed,1,1,50
1,26,O,30,30,0,0,0,0,0,0,zero_sample_variance,5335d7a31d286cb18999eda2ee708e34b45d35a5ab141e0c292b4644717869cf,grid,baseline_none,,,trajectory,51,BA,1000,2,0.10000000000000001,10,0.10000000000000001,0.5,1,none,targeted,70,5,95,95,75,80,80,fixed,1,1,50
1,27,O,30,30,0,0,0,0,0,0,zero_sample_variance,5335d7a31d286cb18999eda2ee708e34b45d35a5ab141e0c292b4644717869cf,grid,baseline_none,,,trajectory,51,BA,1000,2,0.10000000000000001,10,0.10000000000000001,0.5,1,none,targeted,70,5,95,95,75,80,80,fixed,1,1,50
1,28,O,30,30,0,0,0,0,0,0,zero_sample_variance,5335d7a31d286cb18999eda2ee708e34b45d35a5ab141e0c292b4644717869cf,grid,baseline_none,,,trajectory,51,BA,1000,2,0.10000000000000001,10,0.10000000000000001,0.5,1,none,targeted,70,5,95,95,75,80,80,fixed,1,1,50
1,29,O,30,30,0,0,0,0,0,0,zero_sample_variance,5335d7a31d286cb18999eda2ee708e34b45d35a5ab141e0c292b4644717869cf,grid,baseline_none,,,trajectory,51,BA,1000,2,0.10000000000000001,10,0.10000000000000001,0.5,1,none,targeted,70,5,95,95,75,80,80,fixed,1,1,50
1,30,O,30,30,0,0,0,0,0,0,zero_sample_variance,5335d7a31d286cb18999eda2ee708e34b45d35a5ab141e0c292b4644717869cf,grid,baseline_none,,,trajectory,51,BA,1000,2,0.10000000000000001,10,0.10000000000000001,0.5,1,none,targeted,70,5,95,95,75,80,80,fixed,1,1,50
1,31,O,30,30,0,0,0,0,0,0,zero_sample_variance,5335d7a31d286cb18999eda2ee708e34b45d35a5ab141e0c292b4644717869cf,grid,baseline_none,,,trajectory,51,BA,1000,2,0.10000000000000001,10,0.10000000000000001,0.5,1,none,targeted,70,5,95,95,75,80,80,fixed,1,1,50
1,32,O,30,30,0,0,0,0,0,0,zero_sample_variance,5335d7a31d286cb18999eda2ee708e34b45d35a5ab141e0c292b4644717869cf,grid,baseline_none,,,trajectory,51,BA,1000,2,0.10000000000000001,10,0.10000000000000001,0.5,1,none,targeted,70,5,95,95,75,80,80,fixed,1,1,50
1,33,O,30,30,0,0,0,0,0,0,zero_sample_variance,5335d7a31d286cb18999eda2ee708e34b45d35a5ab141e0c292b4644717869cf,grid,baseline_none,,,trajectory,51,BA,1000,2,0.10000000000000001,10,0.10000000000000001,0.5,1,none,targeted,70,5,95,95,75,80,80,fixed,1,1,50
1,34,O,30,30,0,0,0,0,0,0,zero_sample_variance,5335d7a31d286cb18999eda2ee708e34b45d35a5ab141e0c292b4644717869cf,grid,baseline_none,,,trajectory,51,BA,1000,2,0.10000000000000001,10,0.10000000000000001,0.5,1,none,targeted,70,5,95,95,75,80,80,fixed,1,1,50
1,35,O,30,30,0,0,0,0,0,0,zero_sample_variance,5335d7a31d286cb18999eda2ee708e34b45d35a5ab141e0c292b4644717869cf,grid,baseline_none,,,trajectory,51,BA,1000,2,0.10000000000000001,10,0.10000000000000001,0.5,1,none,targeted,70,5,95,95,75,80,80,fixed,1,1,50
1,36,O,30,30,0,0,0,0,0,0,zero_sample_variance,5335d7a31d286cb18999eda2ee708e34b45d35a5ab141e0c292b4644717869cf,grid,baseline_none,,,trajectory,51,BA,1000,2,0.10000000000000001,10,0.10000000000000001,0.5,1,none,targeted,70,5,95,95,75,80,80,fixed,1,1,50
1,37,O,30,30,0,0,0,0,0,0,zero_sample_variance,5335d7a31d286cb18999eda2ee708e34b45d35a5ab141e0c292b4644717869cf,grid,baseline_none,,,trajectory,51,BA,1000,2,0.10000000000000001,10,0.10000000000000001,0.5,1,none,targeted,70,5,95,95,75,80,80,fixed,1,1,50
1,38,O,30,30,0,0,0,0,0,0,zero_sample_variance,5335d7a31d286cb18999eda2ee708e34b45d35a5ab141e0c292b4644717869cf,grid,baseline_none,,,trajectory,51,BA,1000,2,0.10000000000000001,10,0.10000000000000001,0.5,1,none,targeted,70,5,95,95,75,80,80,fixed,1,1,50
1,39,O,30,30,0,0,0,0,0,0,zero_sample_variance,5335d7a31d286cb18999eda2ee708e34b45d35a5ab141e0c292b4644717869cf,grid,baseline_none,,,trajectory,51,BA,1000,2,0.10000000000000001,10,0.10000000000000001,0.5,1,none,targeted,70,5,95,95,75,80,80,fixed,1,1,50
1,40,O,30,30,0,0,0,0,0,0,zero_sample_variance,5335d7a31d286cb18999eda2ee708e34b45d35a5ab141e0c292b4644717869cf,grid,baseline_none,,,trajectory,51,BA,1000,2,0.10000000000000001,10,0.10000000000000001,0.5,1,none,targeted,70,5,95,95,75,80,80,fixed,1,1,50
1,41,O,30,30,0,0,0,0,0,0,zero_sample_variance,5335d7a31d286cb18999eda2ee708e34b45d35a5ab141e0c292b4644717869cf,grid,baseline_none,,,trajectory,51,BA,1000,2,0.10000000000000001,10,0.10000000000000001,0.5,1,none,targeted,70,5,95,95,75,80,80,fixed,1,1,50
1,42,O,30,30,0,0,0,0,0,0,zero_sample_variance,5335d7a31d286cb18999eda2ee708e34b45d35a5ab141e0c292b4644717869cf,grid,baseline_none,,,trajectory,51,BA,1000,2,0.10000000000000001,10,0.10000000000000001,0.5,1,none,targeted,70,5,95,95,75,80,80,fixed,1,1,50
1,43,O,30,30,0,0,0,0,0,0,zero_sample_variance,5335d7a31d286cb18999eda2ee708e34b45d35a5ab141e0c292b4644717869cf,grid,baseline_none,,,trajectory,51,BA,1000,2,0.10000000000000001,10,0.10000000000000001,0.5,1,none,targeted,70,5,95,95,75,80,80,fixed,1,1,50
1,44,O,30,30,0,0,0,0,0,0,zero_sample_variance,5335d7a31d286cb18999eda2ee708e34b45d35a5ab141e0c292b4644717869cf,grid,baseline_none,,,trajectory,51,BA,1000,2,0.10000000000000001,10,0.10000000000000001,0.5,1,none,targeted,70,5,95,95,75,80,80,fixed,1,1,50
1,45,O,30,30,0,0,0,0,0,0,zero_sample_variance,5335d7a31d286cb18999eda2ee708e34b45d35a5ab141e0c292b4644717869cf,grid,baseline_none,,,trajectory,51,BA,1000,2,0.10000000000000001,10,0.10000000000000001,0.5,1,none,targeted,70,5,95,95,75,80,80,fixed,1,1,50
1,46,O,30,30,0,0,0,0,0,0,zero_sample_variance,5335d7a31d286cb18999eda2ee708e34b45d35a5ab141e0c292b4644717869cf,grid,baseline_none,,,trajectory,51,BA,1000,2,0.10000000000000001,10,0.10000000000000001,0.5,1,none,targeted,70,5,95,95,75,80,80,fixed,1,1,50
1,47,O,30,30,0,0,0,0,0,0,zero_sample_variance,5335d7a31d286cb18999eda2ee708e34b45d35a5ab141e0c292b4644717869cf,grid,baseline_none,,,trajectory,51,BA,1000,2,0.10000000000000001,10,0.10000000000000001,0.5,1,none,targeted,70,5,95,95,75,80,80,fixed,1,1,50
1,48,O,30,30,0,0,0,0,0,0,zero_sample_variance,5335d7a31d286cb18999eda2ee708e34b45d35a5ab141e0c292b4644717869cf,grid,baseline_none,,,trajectory,51,BA,1000,2,0.10000000000000001,10,0.10000000000000001,0.5,1,none,targeted,70,5,95,95,75,80,80,fixed,1,1,50
1,49,O,30,30,0,0,0,0,0,0,zero_sample_variance,5335d7a31d286cb18999eda2ee708e34b45d35a5ab141e0c292b4644717869cf,grid,baseline_none,,,trajectory,51,BA,1000,2,0.10000000000000001,10,0.10000000000000001,0.5,1,none,targeted,70,5,95,95,75,80,80,fixed,1,1,50
1,50,O,30,30,0,0,0,0,0,0,zero_sample_variance,5335d7a31d286cb18999eda2ee708e34b45d35a5ab141e0c292b4644717869cf,grid,baseline_none,,,trajectory,51,BA,1000,2,0.10000000000000001,10,0.10000000000000001,0.5,1,none,targeted,70,5,95,95,75,80,80,fixed,1,1,50
