attempt,job_id,phase,expected_runs,validated_runs,data_rows,raw_csv_sha256,xml_sha256,duration_seconds,returncode,log_bytes,raw_validation,xml_semantic_match,run_status_match
grid_001_20260922T090204736688Z,grid_001,grid,1500,1500,76500,6a2a4db1126565849b99a3385baff1eb1b862b3ecd87fc056c1d66c76831c203,18745249a5f9440f43921b0608ab2f38b4ebcc339e4c524da6d275d95b250671,89.472,0,0,passed,True,True
grid_002_20260922T091648773322Z,grid_002,grid,1500,1500,76500,582441dabdacddd3519f8b71558499f53d8c0ab2472e4729fff95d203b094b01,d625bb879ffa864a135f1dd9f288b3c94acbe3b0dfab44dc02c3556414343cf2,116.386,0,0,passed,True,True
grid_003_20260922T091852953922Z,grid_003,grid,1500,1500,76500,91d65dda6e246c042f82e642935a6608192f6ffead1840aef7403813787385bd,d9f35aba66d02f2d93a43a2700aa562f5b0aaa72418329a45be9c948c45f3db4,82.212,0,0,passed,True,True
grid_004_20260922T092022904643Z,grid_004,grid,1350,1350,68850,b11aa68a570c848ce996962a5264e3eb75e319123f53de53ed4238905144eed9,61ad97d21c19142a3b507e9776109458fbc412c1845db77cbf6be1597c8de9c8,68.095,0,0,passed,True,True
p4_001_20260922T092602997096Z,p4_001,p4,1500,1500,1500,dc9a79485c0a2a93545266e803c93d8b9c0d8b06e6cc27cb565beafbcf52cc34,67400431991a50c37b488f7dcd056a8c8ba7520c8bf8f8b3939117b854e6fb60,47.124,0,0,passed,True,True
p4_002_20260922T092650738727Z,p4_002,p4,1500,1500,1500,c61394c08bae1c57de2b5de7cb4bf77dca3724a8120b959b294be9b63e3639ba,c8b01ff5cfba7351bfeaf671f7bbe6e899d7a10d7c71f69726fdf5191442255f,53.815,0,0,passed,True,True
p4_003_20260922T092745109594Z,p4_003,p4,1500,1500,1500,7ff304a4fb92a94b66acfa6210952ba3851a713889f1e513eeb9313b7c9c2715,b6c793d4abec03869f3a98ba975b8ec39256fe77c523421f06ab69bf6ebb1b8f,49.145,0,0,passed,True,True
p4_004_20260922T092834989625Z,p4_004,p4,1500,1500,1500,5a5616b37a317e56ce26d86eed54b4824ddeb07914d42fa0af8cf4cbbed943a9,0c23b68ee3c1b8385e00b8c5bf6fbe43311465e5dd776a73a513e62ccac47433,48.095,0,0,passed,True,True
p4_005_20260922T092923703358Z,p4_005,p4,1500,1500,1500,3fe6ec9db3ef4cbc9cb3c44687db3fa463a0278bcde1b61677b0cf1a34fe49e6,14f6d800ef61d691e466b462c2dd6647c4364a1f0a78e4ca89564f7c2dd998d9,53.903,0,0,passed,True,True
p4_006_20260922T093018238665Z,p4_006,p4,1500,1500,1500,7b4cff4fdc033e581054812a374d969a35804a46ea16d1134a7e6b86644f7966,2dfc73ad4753ea9c76c8b6a40514c197cc31d778dbd339f407d397375cc5d1f9,47.276,0,0,passed,True,True
p4_007_20260922T093106176055Z,p4_007,p4,1500,1500,1500,34822ab2a699a3f6b97509e4b85711a37ce803c12cb0944bc3e0134afc8640f6,eccb4a2b2b7695a909c27dad37411f0194f273e5d432cd5dfd75c488a9c86f46,47.346,0,0,passed,True,True
p4_008_20260922T093154135263Z,p4_008,p4,1500,1500,1500,ba03ef5b48961940c38432fc5d7730e0b0c1abc1dfaaa8b2289da69a0033f6b4,ec5e5ea5a7c5479af391f59c84a4e12a2f759fff6741e3c346cdf206c7a0631b,54.882,0,0,passed,True,True
p4_009_20260922T093249676062Z,p4_009,p4,1500,1500,1500,c35ab12989128c9a1474e792ea15cf9607e293a91959c9549ff21e84f9ee84e1,763b54cf490e69ba7296cff41421581c5243592507ee583468ccdd16716c3cb5,48.253,0,0,passed,True,True
p4_010_20260922T093338582714Z,p4_010,p4,1500,1500,1500,635c2c322830e047228b31c0f349c5b45b8dcc113534f0a1ee064b5661ea728d,abb7042e3033de1ee136b5377ae7d3c091a40f2402b63159d735589a339ea51e,49.371,0,0,passed,True,True
p4_011_20260922T093428613071Z,p4_011,p4,1500,1500,1500,7b7f2e5e7ba7b6af20470e710e087df783d1dc65465cbd53f483fa7841f45916,cbacc9527303d638bac2195ae102ab29c46205bc744f0f89473b2718875b97f3,57.727,0,0,passed,True,True
p4_012_20260922T093527159039Z,p4_012,p4,1500,1500,1500,9103fb8b375ea45b451bb391d59b775f11913077c9abe9881df56c14f224e971,5162516dae5cbe984621c4b633c1f7cc2e32066098b19a2d63bc76a6f2b211ea,58.341,0,0,passed,True,True
p4_013_20260922T093626205523Z,p4_013,p4,1500,1500,1500,718c50b6ced3e683b8e2be073c7f70ff0b91bc17157236f310b0a6c076da00c0,2efba8960726992c46e9b031b7e035e97aa0f79b60e033273883ed431b46b5b2,51.455,0,0,passed,True,True
p4_014_20260922T093718360661Z,p4_014,p4,1500,1500,1500,8e6d86bcda578cdaf81a7d79de1961c429a94b86a15acda2e72fa7623f8beb80,5e461893fca4887a0b35402ebefe023d9f87c4308ed093f06a0c2b017a25306b,57.158,0,0,passed,True,True
p4_015_20260922T093816213550Z,p4_015,p4,1500,1500,1500,86b5390bfe42ef6db5132f277a04972223a9e078f702a541754852e3be19452a,17b160ca70625d9b4ee9d56986a0f116c8c3d1c765e69679d0b8cef1ba780409,48.495,0,0,passed,True,True
p4_016_20260922T093905357010Z,p4_016,p4,1500,1500,1500,2b13688870e1ba41ef447134713e5089bb267070a1ed9d8d443d1c48e57128f6,5cb4d910d59df390b28c341c664ec6e8812e4a9959893a69271135bafab7381c,49.184,0,0,passed,True,True
p4_017_20260922T093955179996Z,p4_017,p4,1500,1500,1500,d8759766a183c4a9f8d97d3088b4ba181635ded6cc69b1f77676af46e5bd2bec,2a059c21f0ce70df38f3d1f52b2b0b26c245f002313bf28a99989a4e096d1b41,48.405,0,0,passed,True,True
p4_018_20260922T094044245140Z,p4_018,p4,1500,1500,1500,661a252b9b8ed649f80a0caa9a58f90e78a714e428cc00f607b3ab306b7c6089,c183fbb15c8771e14d6a0f183e0d46ef714e0bbd96ba3eb9967647a62e50d699,47.621,0,0,passed,True,True
p4_019_20260922T094132522323Z,p4_019,p4,1500,1500,1500,a6e421ab78399eed4f3bcbfa2ed86c577dd9cec3be639e90592a279dc44eda92,a7454667bb622589b59ab581fa62e167d895a02a134d0661712cb0826ee41ac0,47.962,0,0,passed,True,True
p4_020_20260922T094221175848Z,p4_020,p4,1500,1500,1500,de39f84bd125d5e230077fd55e11b46c7fa9ec066deb44257182ad7d5294044c,e8dbd6dc8e32122efdf285aa1131a859657d718d352a1d823d097a4979fe157f,53.5,0,0,passed,True,True
p4_021_20260922T094315393031Z,p4_021,p4,1500,1500,1500,776c9da33c34b26433f896d04f531ba3f2630eac4791bb3192647dd2b9fc0074,cbce2cfd93455f9d581ce3aa66370569d9307fb4f91a64e48d9d311cb9f2b1f6,47.976,0,0,passed,True,True
p4_022_20260922T094404028709Z,p4_022,p4,1500,1500,1500,2b831fbaef7f8c4380574e9e0bbddf6a5980bb513e804711513eb3c1c0c9ba25,b0ef85ed5d0f39b0aebf2b92825d33679dacb1fbee33e79124ea51073d36c656,51.625,0,0,passed,True,True
p4_023_20260922T094456364940Z,p4_023,p4,1500,1500,1500,108de4a60eb9481936128a0ef5dd9b01e14c894587de07d21fa0f20b770cfb5f,23d368ec0ea7549545d9abd70f188b157623c7edcde9ad7b0fa458421b7def9e,51.065,0,0,passed,True,True
p4_024_20260922T094548122947Z,p4_024,p4,1500,1500,1500,48cc9f13d60fc4fa90b82334a78b9c222dece48436dbe186107f83d5fd40ad8d,f8d16fbb26e57d9a4af2b4c83752aca515d6b295ea8597d56b89eae0ca2c66fa,53.395,0,0,passed,True,True
p4_025_20260922T094642243254Z,p4_025,p4,1500,1500,1500,223b83764ea6ffa8119c1141b47d144d2fbf64d0550893bd592826dd45c201d5,4ff50130209002865fa150f963f9eccc01c630b4b56488013ee94633ae5123ac,59.43,0,0,passed,True,True
p4_026_20260922T094742443931Z,p4_026,p4,1500,1500,1500,7a395ef1b215dd5219d19e7931b884f739b5194472d9901009b04afa080db376,a5aac8d651a3764c97067d9f30745d5c36d4d05f8a4b31e2d7066c6a26dcfee0,48.939,0,0,passed,True,True
p4_027_20260922T094832150070Z,p4_027,p4,1500,1500,1500,5f7220c474f460e91b8470fdcb5077b1fcfb3ac6305db8e2b2f35bc900c9901a,bd00af2bc0da482745e328545354b66f58706f37b559ec9b5ccf8d6cdafcfdb0,47.989,0,0,passed,True,True
p4_028_20260922T094920879208Z,p4_028,p4,1500,1500,1500,c74458a97da084297ebe15491288470ac46193ca66f47c57dfbdbdf5b54ad4c5,0a5593cbd6a7421cf2a4e407b382aeb819fa70efc7709f440116aa766b61d267,55.464,0,0,passed,True,True
p4_029_20260922T095017105735Z,p4_029,p4,1500,1500,1500,d0a9142f8b379f33c80a474803c2a8a26b68078db25fc7208120b6c11007ae90,4bce538443388c56721efb0dedba6471982be47dcadeb0653d0177037ca27af1,47.927,0,0,passed,True,True
p4_030_20260922T095105747099Z,p4_030,p4,1500,1500,1500,5d30a8ba75ed80bd1ae6dfb56351f4fd492a3376c1781d323b8b950ab2c75cc3,65e0a93d9f89ca8dbe40c113ad603316b186936198fd4dfc5281a22a7a2d4d61,57.773,0,0,passed,True,True
p4_031_20260922T095204324068Z,p4_031,p4,1500,1500,1500,75f19aedfbbf70efe861e92292694c50b9b256028a90dc1054a7459e018465e9,4cb6258e0024811c10c4ca1c9bee8d60f05511710517ea55048cfda6dcc563e5,52.602,0,0,passed,True,True
p4_032_20260922T095257753858Z,p4_032,p4,1500,1500,1500,86ab0e8d12b494533871c5e15906f7d2694b2a7e3054545975450fe7ac8de9d8,003edef5e47391fd42f4a3a787a4b3d5eee7279acc6a927ec495d11c71a6e3ed,48.605,0,0,passed,True,True
p4_033_20260922T095347136984Z,p4_033,p4,1500,1500,1500,cb33bc8efa919feac4181ec1eb412d777db8d3ac698640e848bee973305d5da2,33648f078ca6360895f287033a9376eb9e8f1ce19acb5f88679d852b2277cf4a,52.419,0,0,passed,True,True
p4_034_20260922T095440332180Z,p4_034,p4,1500,1500,1500,f7b747ad12cfec10c3d062dde3d53cab52c04939279ef2a4a9f1c1fd0e2ee6d5,21266eadf619e0b1428860f572a0150c17f25d842b2bc069b4466ce455f49fcb,50.093,0,0,passed,True,True
p4_035_20260922T095531202410Z,p4_035,p4,1500,1500,1500,1dabe49d0fee16523816e315782f4357c48fd3e0c8198d25e47c8a14d8791646,dfdf5d69cec241cc3bed44f8b43382a8ae8d2685e20e972f28b0beb96a28c143,61.945,0,0,passed,True,True
p4_036_20260922T095633946675Z,p4_036,p4,1500,1500,1500,bc33be11cf24dc9b14dfef9087f8a0961ddf1d628f9ef2913a91548c15c9b6e4,31a69c6abc37c345c8f996bc277bafc8de05d713bd14fd52fe6294ec2ab4f11c,48.394,0,0,passed,True,True
p4_037_20260922T095723110020Z,p4_037,p4,1500,1500,1500,1f371c4ea8d129541d6dc16984b5c911c3d5bb62452ef11fc93e6f654b8c8f9f,aae42548e71c9d04a9149bf74083ae555181cdc8d61ad728892778d0229e74d9,50.815,0,0,passed,True,True
p4_038_20260922T095814717313Z,p4_038,p4,1500,1500,1500,6af70e25b9e9b3a29e9f468244654d97496bde09b8dce5dea618d976250407fd,acd229eebbcebdae80a75c9f2232985a3b0d6f3e8542e5f56ecc458f100c4729,50.937,0,0,passed,True,True
p4_039_20260922T095906451318Z,p4_039,p4,1500,1500,1500,d65c389b14c10306a29c7d3609ea6cd94b290e939e72dad4eff3638e0b1927ec,e0d13d1b822e22b1feb2a6dc3755518482e0b37bbf479140bcdf330085842675,59.276,0,0,passed,True,True
p4_040_20260922T100006539221Z,p4_040,p4,1500,1500,1500,110887a29f2b147f1bc6e7903c668a47f93ff00a9c0b7ceecb59dcfa6cfa3c4c,b2fdc9b4a20945b19d67fcdd5b69285d890536861d5bfe3bb3fbd6578663efe6,52.405,0,0,passed,True,True
p4_041_20260922T100059759551Z,p4_041,p4,1500,1500,1500,552616020e203335a6cd0900d40d652f2528a77929887a3b625cbc4d81bc1c7a,f4b67bcf439bf1117d5a1453dfa4d304c82530c96bd2964ff570608521fc5ce5,59.575,0,0,passed,True,True
p4_042_20260922T100200206391Z,p4_042,p4,1500,1500,1500,8594a380e1d02104a041164f188800093e9d5a086d186d15c072ea91cc435349,4c51af79378d672eaabe968ec4ace67f0e00339f5dcb49dd790ee7dc34ddc218,55.459,0,0,passed,True,True
p4_043_20260922T100256515717Z,p4_043,p4,1500,1500,1500,8e8d0a4b9d8ad54977e6de99904f3335669cc898e588d14781a4deea2080f7e7,a2e8f4530d56ca5882accc3292b097b92e634cc705318ecc896bfeeaeef3caf9,52.857,0,0,passed,True,True
p4_044_20260922T100350191506Z,p4_044,p4,1500,1500,1500,62b48222f7ddb4ead54651a99f5d82bc3c5eb282efc1d3697d576d4bfca30f22,1ad5354f0b85315000b0d0fef89a557438b9eae074b33530beec650449425025,51.925,0,0,passed,True,True
p4_045_20260922T100442919416Z,p4_045,p4,1500,1500,1500,4a552a17dd5361f2c50bf5c7b9bf941c71c17d81308d91a705a693d0c06617b6,f62a8b3387315997987858bcef4b3ab55dfec070f3a65f740a57a75daaffb1a6,49.52,0,0,passed,True,True
p4_046_20260922T100533225968Z,p4_046,p4,1500,1500,1500,2281e431edbc8f0fa1bfedb8865c1e2a0dcee0ca2d2bce8f8885f1448e3b0cba,bde7ef35736dec16d13962d2d9aeb680144511a518cea992abc4f954556bd222,55.031,0,0,passed,True,True
p4_047_20260922T100629125242Z,p4_047,p4,1500,1500,1500,68c6f35026a8f205c6666740a0e727e72878878abb37ef3749070ca314a9d090,bf167d80082a6ced53ca4a3908bae6e878229f3a572422401c424478ad6d25ad,59.4,0,0,passed,True,True
p4_048_20260922T100730017860Z,p4_048,p4,1500,1500,1500,76748c06fd01bb4f96fb3d23fd75cbe693ce931494f07a2b1a940bfd42ce0706,d44e5c2eaf771415bb2b85af8352e9db95af4ba58e3427bc452a847cae7b1d00,49.509,0,0,passed,True,True
p4_049_20260922T100820337782Z,p4_049,p4,1500,1500,1500,bc2e6a449ffc55f17f5f1b78bb111c17e07a41782b1211faf73a158d4899877b,b0e44281db65b259b3eab72c4d82b7eec8a67b12309541722ef33ad3f70ab0fe,51.746,0,0,passed,True,True
p4_050_20260922T100912976232Z,p4_050,p4,1500,1500,1500,80a678a70535fb3946be76c4f680c04616dcd70892426c9c1fc797406268fa43,68e844aa9abcc1891389fe90267a9b94f696142e8840adad3dbf8d7768b7e76b,63.603,0,0,passed,True,True
p4_051_20260922T101017597907Z,p4_051,p4,1500,1500,1500,fd42ec6927c697743a1493c35af422f8042c58843e448876ced879bef1e0d6fb,bf4c6d95acb9d8e95256ed35603b7b60513b7a543332cfe8329637b86679271e,61.631,0,0,passed,True,True
p4_052_20260922T101120675997Z,p4_052,p4,1500,1500,1500,4f7b7f8dbb1577b10b282ee8421a5585deb4d1558f87a7fe7fd689a42eb88711,3bb65bc6502480d7260e5e3d4a81e47cee95c2909b1a63827debc98f5fe287d2,57.093,0,0,passed,True,True
p4_053_20260922T101218702545Z,p4_053,p4,1500,1500,1500,f2dd4bb5074ff86b1c6f58a97433e06de57fba2fc404ac059524d10a14e28d03,b8b40e86288aac491616912bfbd0604795e7590e6dd1f49d753e710bfd81ab1d,49.634,0,0,passed,True,True
p4_054_20260922T101309240672Z,p4_054,p4,1500,1500,1500,ac1d46c1118cf3c901073d36f69d799fc561dac0b4a3e5cc9349c9bd91a712a3,35a79526694b9674f87659c93ecf5b4016eabc77210551b0ed7d091a13d76f3a,52.271,0,0,passed,True,True
p4_055_20260922T101402437079Z,p4_055,p4,1500,1500,1500,c99c2b65713218584e534333bc7c4488dda31f631601e08aade1a5cddb7118ca,885255b4bc36cc52f67eba53fab379f3a2648fc05b515a0db29b82c1aa96e4cf,51.291,0,0,passed,True,True
p4_056_20260922T101454640748Z,p4_056,p4,1500,1500,1500,d5760a9cbd3262b6e821437bffb967a56ba39367cbbacf287814251963e70d1a,ef3778f71e20afc9a232d15b504ffd14448c5ab7f8a9245e55f0dbc75ad95827,51.564,0,0,passed,True,True
p4_057_20260922T101547135277Z,p4_057,p4,1500,1500,1500,40fe15a6aac15037e29385002a5b56f64319a09a0152f3cf9043b7a5983bc7aa,e8c0bd841415b746e6c3848d55be4393d35cbc50265da952947d38376636f4cd,51.122,0,0,passed,True,True
p4_058_20260922T101639144124Z,p4_058,p4,1500,1500,1500,47f2a381939b3770351c4e63ee26c1624d6031c74f76773f7e1c13fd4fcfd1bb,aa03bb4151bafd276e492fd56d39fb7b818071be3463590de0653e6718350a69,50.964,0,0,passed,True,True
p4_059_20260922T101731020612Z,p4_059,p4,1500,1500,1500,22e3838df4fe593b3db527313f95e9e2a368521d70e61754161e6f77e96daa33,2446b92c4386da6c834a8b999f55e2758a7027113ecd3ddcb324afebda2931ac,50.466,0,0,passed,True,True
p4_060_20260922T101822410828Z,p4_060,p4,1500,1500,1500,d863b30178a8bce540b4ceae5da6865d7c7556c3421c4ac8f1d3d0d1d1416613,e792904ca5f0caf75252e5e22701097a3d5e64037caa7f97350460c56e463a88,50.078,0,0,passed,True,True
