file,bytes,sha256
attempts/grid_001_20260922T090204736688Z/attempt.json,70786,6a25bc62015761dbfa143fb331c1993a7d6e3fead3be560501bfdf99540768f4
attempts/grid_001_20260922T090204736688Z/missing_runs.xml,172141,18745249a5f9440f43921b0608ab2f38b4ebcc339e4c524da6d275d95b250671
attempts/grid_001_20260922T090204736688Z/netlogo.log,0,e3b0c44298fc1c149afbf4c8996fb92427ae41e4649b934ca495991b7852b855
attempts/grid_001_20260922T090204736688Z/raw.csv,36202703,6a2a4db1126565849b99a3385baff1eb1b862b3ecd87fc056c1d66c76831c203
attempts/grid_001_20260922T090204736688Z/validation.json,261,19c699dbe30065ccb201fdd8c6faf167bb52a2a97003f9734a2f7158fc420572
attempts/grid_002_20260922T091648773322Z/attempt.json,70787,ca7e3e4f6611199835d449305997f76b4e1be2bbedb7da0d927500cd3ee3dd3d
attempts/grid_002_20260922T091648773322Z/missing_runs.xml,172180,d625bb879ffa864a135f1dd9f288b3c94acbe3b0dfab44dc02c3556414343cf2
attempts/grid_002_20260922T091648773322Z/netlogo.log,0,e3b0c44298fc1c149afbf4c8996fb92427ae41e4649b934ca495991b7852b855
attempts/grid_002_20260922T091648773322Z/raw.csv,36014259,582441dabdacddd3519f8b71558499f53d8c0ab2472e4729fff95d203b094b01
attempts/grid_002_20260922T091648773322Z/validation.json,261,f695d34ec554044831357c4e102b22b4f4a01e53675e0bf32a1b07fb87e0fb33
attempts/grid_003_20260922T091852953922Z/attempt.json,70786,dc92ec3de3ca2c6a35a8fb119c6971aef39836a30d90f7b452ebea5064c221d7
attempts/grid_003_20260922T091852953922Z/missing_runs.xml,172209,d9f35aba66d02f2d93a43a2700aa562f5b0aaa72418329a45be9c948c45f3db4
attempts/grid_003_20260922T091852953922Z/netlogo.log,0,e3b0c44298fc1c149afbf4c8996fb92427ae41e4649b934ca495991b7852b855
attempts/grid_003_20260922T091852953922Z/raw.csv,36551491,91d65dda6e246c042f82e642935a6608192f6ffead1840aef7403813787385bd
attempts/grid_003_20260922T091852953922Z/validation.json,261,13ef420c0153bb4d1c81ba5f3a25ce140402c38163330a3473ae0717aa25394e
attempts/grid_004_20260922T092022904643Z/attempt.json,68236,89361593754ebc350aa27347581e76c06ce21f1e926fecdd383c223301255665
attempts/grid_004_20260922T092022904643Z/missing_runs.xml,155223,61ad97d21c19142a3b507e9776109458fbc412c1845db77cbf6be1597c8de9c8
attempts/grid_004_20260922T092022904643Z/netlogo.log,0,e3b0c44298fc1c149afbf4c8996fb92427ae41e4649b934ca495991b7852b855
attempts/grid_004_20260922T092022904643Z/raw.csv,32942366,b11aa68a570c848ce996962a5264e3eb75e319123f53de53ed4238905144eed9
attempts/grid_004_20260922T092022904643Z/validation.json,261,a23514920d233626e05dd062897c379bec0791e6fa7ae7957647364c6138be1e
attempts/p4_001_20260922T092602997096Z/attempt.json,70776,12c8e9d83e80a4d845bc01bbd3113ef5660594090dc71cb35e38183e369c9e17
attempts/p4_001_20260922T092602997096Z/missing_runs.xml,174414,67400431991a50c37b488f7dcd056a8c8ba7520c8bf8f8b3939117b854e6fb60
attempts/p4_001_20260922T092602997096Z/netlogo.log,0,e3b0c44298fc1c149afbf4c8996fb92427ae41e4649b934ca495991b7852b855
attempts/p4_001_20260922T092602997096Z/raw.csv,788382,dc9a79485c0a2a93545266e803c93d8b9c0d8b06e6cc27cb565beafbcf52cc34
attempts/p4_001_20260922T092602997096Z/validation.json,259,8f265fcfce9801a836da4f627c21e4bff5e9159962d95d73c1a2adda2dc04984
attempts/p4_002_20260922T092650738727Z/attempt.json,70776,74e6d82762e80dd6e48663ca867b228483900829cdb39f55c02ef70b32263d48
attempts/p4_002_20260922T092650738727Z/missing_runs.xml,174382,c8b01ff5cfba7351bfeaf671f7bbe6e899d7a10d7c71f69726fdf5191442255f
attempts/p4_002_20260922T092650738727Z/netlogo.log,0,e3b0c44298fc1c149afbf4c8996fb92427ae41e4649b934ca495991b7852b855
attempts/p4_002_20260922T092650738727Z/raw.csv,787869,c61394c08bae1c57de2b5de7cb4bf77dca3724a8120b959b294be9b63e3639ba
attempts/p4_002_20260922T092650738727Z/validation.json,259,c67e6a77d835477846e8e5c720854087ae600e2249a3f5050f9d16256fb0b003
attempts/p4_003_20260922T092745109594Z/attempt.json,70776,33632213e3d856ae6135cc1b328df4ca04db2e68ed6e7f99303c4cf750dfef33
attempts/p4_003_20260922T092745109594Z/missing_runs.xml,174395,b6c793d4abec03869f3a98ba975b8ec39256fe77c523421f06ab69bf6ebb1b8f
attempts/p4_003_20260922T092745109594Z/netlogo.log,0,e3b0c44298fc1c149afbf4c8996fb92427ae41e4649b934ca495991b7852b855
attempts/p4_003_20260922T092745109594Z/raw.csv,788203,7ff304a4fb92a94b66acfa6210952ba3851a713889f1e513eeb9313b7c9c2715
attempts/p4_003_20260922T092745109594Z/validation.json,259,fa8d7c1940cdf2abe67ae741a187a42a39188f3ab986c3bb50836815fad2684d
attempts/p4_004_20260922T092834989625Z/attempt.json,70776,32f15382204603a7b27a853808d7f0f05ab6143b8f3979d0c7f7d14061b0f575
attempts/p4_004_20260922T092834989625Z/missing_runs.xml,174395,0c23b68ee3c1b8385e00b8c5bf6fbe43311465e5dd776a73a513e62ccac47433
attempts/p4_004_20260922T092834989625Z/netlogo.log,0,e3b0c44298fc1c149afbf4c8996fb92427ae41e4649b934ca495991b7852b855
attempts/p4_004_20260922T092834989625Z/raw.csv,782906,5a5616b37a317e56ce26d86eed54b4824ddeb07914d42fa0af8cf4cbbed943a9
attempts/p4_004_20260922T092834989625Z/validation.json,259,36e7cc0f01b10e01242cba82d287a2c2ed2757ab8ff6d146c0467cf1c5c673a0
attempts/p4_005_20260922T092923703358Z/attempt.json,70776,d1982e57b870396dd823261d896955eba08b93ffa29d54a612abc1e81b5022a4
attempts/p4_005_20260922T092923703358Z/missing_runs.xml,174387,14f6d800ef61d691e466b462c2dd6647c4364a1f0a78e4ca89564f7c2dd998d9
attempts/p4_005_20260922T092923703358Z/netlogo.log,0,e3b0c44298fc1c149afbf4c8996fb92427ae41e4649b934ca495991b7852b855
attempts/p4_005_20260922T092923703358Z/raw.csv,786293,3fe6ec9db3ef4cbc9cb3c44687db3fa463a0278bcde1b61677b0cf1a34fe49e6
attempts/p4_005_20260922T092923703358Z/validation.json,259,16f34e5a9427283f6617495179fff67ee7e9bece5e80befb747933adfbc3d170
attempts/p4_006_20260922T093018238665Z/attempt.json,70776,a1b03aa3a48e14adfb2675da685b45337713e8da46a4824576517d2a1202d7b9
attempts/p4_006_20260922T093018238665Z/missing_runs.xml,174405,2dfc73ad4753ea9c76c8b6a40514c197cc31d778dbd339f407d397375cc5d1f9
attempts/p4_006_20260922T093018238665Z/netlogo.log,0,e3b0c44298fc1c149afbf4c8996fb92427ae41e4649b934ca495991b7852b855
attempts/p4_006_20260922T093018238665Z/raw.csv,784110,7b4cff4fdc033e581054812a374d969a35804a46ea16d1134a7e6b86644f7966
attempts/p4_006_20260922T093018238665Z/validation.json,259,839e9035443f42e4da674724b8354b6818fa734379b8d2efb5b5aef2d1f88813
attempts/p4_007_20260922T093106176055Z/attempt.json,70776,71cadcdc72d8eb2b9aebb5ff212f742078b3b5cce3eeb7bd34704d9f67420ac1
attempts/p4_007_20260922T093106176055Z/missing_runs.xml,174404,eccb4a2b2b7695a909c27dad37411f0194f273e5d432cd5dfd75c488a9c86f46
attempts/p4_007_20260922T093106176055Z/netlogo.log,0,e3b0c44298fc1c149afbf4c8996fb92427ae41e4649b934ca495991b7852b855
attempts/p4_007_20260922T093106176055Z/raw.csv,788772,34822ab2a699a3f6b97509e4b85711a37ce803c12cb0944bc3e0134afc8640f6
attempts/p4_007_20260922T093106176055Z/validation.json,259,c4c18be2c5175ec5147279092a83bcd747bbd64c2744b3f85d5e6e7e3c1bea42
attempts/p4_008_20260922T093154135263Z/attempt.json,70776,582b9c82dce50e704c9f8821876dd82c5a943f4d75a118daed4a11de83db1fed
attempts/p4_008_20260922T093154135263Z/missing_runs.xml,174401,ec5e5ea5a7c5479af391f59c84a4e12a2f759fff6741e3c346cdf206c7a0631b
attempts/p4_008_20260922T093154135263Z/netlogo.log,0,e3b0c44298fc1c149afbf4c8996fb92427ae41e4649b934ca495991b7852b855
attempts/p4_008_20260922T093154135263Z/raw.csv,786269,ba03ef5b48961940c38432fc5d7730e0b0c1abc1dfaaa8b2289da69a0033f6b4
attempts/p4_008_20260922T093154135263Z/validation.json,259,58107dc1d79f5190690e1ee8d9c2baef40aa7329fc564b08ae2207b865f1a2e0
attempts/p4_009_20260922T093249676062Z/attempt.json,70776,d9171b56ab6b96e3a33164579e6831bf726cb11dee99c44456eeb9c3a45652d3
attempts/p4_009_20260922T093249676062Z/missing_runs.xml,174394,763b54cf490e69ba7296cff41421581c5243592507ee583468ccdd16716c3cb5
attempts/p4_009_20260922T093249676062Z/netlogo.log,0,e3b0c44298fc1c149afbf4c8996fb92427ae41e4649b934ca495991b7852b855
attempts/p4_009_20260922T093249676062Z/raw.csv,783558,c35ab12989128c9a1474e792ea15cf9607e293a91959c9549ff21e84f9ee84e1
attempts/p4_009_20260922T093249676062Z/validation.json,259,c26be7517be85f7d29367e06a566d61c9d559f5e20c5b51313cc974733d8ac67
attempts/p4_010_20260922T093338582714Z/attempt.json,70776,381b3906032b3f407db80cd4e5d6bf688d6ea6eceb97edf3263e7b3a24939348
attempts/p4_010_20260922T093338582714Z/missing_runs.xml,174404,abb7042e3033de1ee136b5377ae7d3c091a40f2402b63159d735589a339ea51e
attempts/p4_010_20260922T093338582714Z/netlogo.log,0,e3b0c44298fc1c149afbf4c8996fb92427ae41e4649b934ca495991b7852b855
attempts/p4_010_20260922T093338582714Z/raw.csv,784650,635c2c322830e047228b31c0f349c5b45b8dcc113534f0a1ee064b5661ea728d
attempts/p4_010_20260922T093338582714Z/validation.json,259,c9f82fc4d9f4a844b4c4730b217e654101e43c7ebe5ff8d25dd214a567d4de53
attempts/p4_011_20260922T093428613071Z/attempt.json,70776,dda1402f86303653a443891fdcd0df6b10c96a2e05f9b482aee4d140a0cf6198
attempts/p4_011_20260922T093428613071Z/missing_runs.xml,174414,cbacc9527303d638bac2195ae102ab29c46205bc744f0f89473b2718875b97f3
attempts/p4_011_20260922T093428613071Z/netlogo.log,0,e3b0c44298fc1c149afbf4c8996fb92427ae41e4649b934ca495991b7852b855
attempts/p4_011_20260922T093428613071Z/raw.csv,788844,7b7f2e5e7ba7b6af20470e710e087df783d1dc65465cbd53f483fa7841f45916
attempts/p4_011_20260922T093428613071Z/validation.json,259,16a87f3c1e35c9cd879e1f234adc9e0675fa2213a8f87aaef03457e70a73aa90
attempts/p4_012_20260922T093527159039Z/attempt.json,70776,f8002140d73632d1e3c75dd2c24cb6d75c3fcc6d3043b3ec3c5bd3a29fe6e563
attempts/p4_012_20260922T093527159039Z/missing_runs.xml,174382,5162516dae5cbe984621c4b633c1f7cc2e32066098b19a2d63bc76a6f2b211ea
attempts/p4_012_20260922T093527159039Z/netlogo.log,0,e3b0c44298fc1c149afbf4c8996fb92427ae41e4649b934ca495991b7852b855
attempts/p4_012_20260922T093527159039Z/raw.csv,786787,9103fb8b375ea45b451bb391d59b775f11913077c9abe9881df56c14f224e971
attempts/p4_012_20260922T093527159039Z/validation.json,259,d08e9a38881358c1bbf2aa553466c2aa7a13497a14cc4edd2d6c647da483da93
attempts/p4_013_20260922T093626205523Z/attempt.json,70776,c9250019e05203b276cbf2864998002169b31f625ebcf4ec2f32bec7f6245ca1
attempts/p4_013_20260922T093626205523Z/missing_runs.xml,174395,2efba8960726992c46e9b031b7e035e97aa0f79b60e033273883ed431b46b5b2
attempts/p4_013_20260922T093626205523Z/netlogo.log,0,e3b0c44298fc1c149afbf4c8996fb92427ae41e4649b934ca495991b7852b855
attempts/p4_013_20260922T093626205523Z/raw.csv,787264,718c50b6ced3e683b8e2be073c7f70ff0b91bc17157236f310b0a6c076da00c0
attempts/p4_013_20260922T093626205523Z/validation.json,259,60a308d68b3626e7a53a442050a152b94d59a46c29bb2434df0b7dc1ad6afba9
attempts/p4_014_20260922T093718360661Z/attempt.json,70776,fed94ebe6094e6832d1165d402aa9994cc4a7f1362a61da52fffe9aa2c5b1aa5
attempts/p4_014_20260922T093718360661Z/missing_runs.xml,174395,5e461893fca4887a0b35402ebefe023d9f87c4308ed093f06a0c2b017a25306b
attempts/p4_014_20260922T093718360661Z/netlogo.log,0,e3b0c44298fc1c149afbf4c8996fb92427ae41e4649b934ca495991b7852b855
attempts/p4_014_20260922T093718360661Z/raw.csv,781985,8e6d86bcda578cdaf81a7d79de1961c429a94b86a15acda2e72fa7623f8beb80
attempts/p4_014_20260922T093718360661Z/validation.json,259,394df52bf73e952900f3ed7e7fa0b994647a0357675ceb15c1c3ea09a8325128
attempts/p4_015_20260922T093816213550Z/attempt.json,70776,aa31154e2939ba22f2d6cbecad8d41bc313ae1725512508c649f7185dfe02b53
attempts/p4_015_20260922T093816213550Z/missing_runs.xml,174387,17b160ca70625d9b4ee9d56986a0f116c8c3d1c765e69679d0b8cef1ba780409
attempts/p4_015_20260922T093816213550Z/netlogo.log,0,e3b0c44298fc1c149afbf4c8996fb92427ae41e4649b934ca495991b7852b855
attempts/p4_015_20260922T093816213550Z/raw.csv,783808,86b5390bfe42ef6db5132f277a04972223a9e078f702a541754852e3be19452a
attempts/p4_015_20260922T093816213550Z/validation.json,259,0e437e0288b3a8fdd1d9867bea95cff8947e2b2607e8f6dfab3ac4525b9a9adb
attempts/p4_016_20260922T093905357010Z/attempt.json,70776,ea83783e3172bd77d4c8d3b7a57a86ae7f1d5a5cfb3cff775732898f0ace50a8
attempts/p4_016_20260922T093905357010Z/missing_runs.xml,174405,5cb4d910d59df390b28c341c664ec6e8812e4a9959893a69271135bafab7381c
attempts/p4_016_20260922T093905357010Z/netlogo.log,0,e3b0c44298fc1c149afbf4c8996fb92427ae41e4649b934ca495991b7852b855
attempts/p4_016_20260922T093905357010Z/raw.csv,783689,2b13688870e1ba41ef447134713e5089bb267070a1ed9d8d443d1c48e57128f6
attempts/p4_016_20260922T093905357010Z/validation.json,259,95a8cbe32951d8860b143373240bc66d27822805403cbe7ad74ffbb4f4a51d86
attempts/p4_017_20260922T093955179996Z/attempt.json,70776,50d0fc44799b318c84ab7452dedd80a0b3deea69ace39106eeab5149f94df578
attempts/p4_017_20260922T093955179996Z/missing_runs.xml,174450,2a059c21f0ce70df38f3d1f52b2b0b26c245f002313bf28a99989a4e096d1b41
attempts/p4_017_20260922T093955179996Z/netlogo.log,0,e3b0c44298fc1c149afbf4c8996fb92427ae41e4649b934ca495991b7852b855
attempts/p4_017_20260922T093955179996Z/raw.csv,787998,d8759766a183c4a9f8d97d3088b4ba181635ded6cc69b1f77676af46e5bd2bec
attempts/p4_017_20260922T093955179996Z/validation.json,259,0070c7526a83629aab1093937bc4bd2e51ab51e0095792daea09248cc5df9a43
attempts/p4_018_20260922T094044245140Z/attempt.json,70776,daed1c7a6861f6efacf2dc56b6697e9887f5dc25eda560c9c9a6e5cb3492a255
attempts/p4_018_20260922T094044245140Z/missing_runs.xml,174451,c183fbb15c8771e14d6a0f183e0d46ef714e0bbd96ba3eb9967647a62e50d699
attempts/p4_018_20260922T094044245140Z/netlogo.log,0,e3b0c44298fc1c149afbf4c8996fb92427ae41e4649b934ca495991b7852b855
attempts/p4_018_20260922T094044245140Z/raw.csv,787343,661a252b9b8ed649f80a0caa9a58f90e78a714e428cc00f607b3ab306b7c6089
attempts/p4_018_20260922T094044245140Z/validation.json,259,77a92598f7be13f4f0d13c9449cb5d9b8e66b24fad3b67964c0a3d7fed3bb5fa
attempts/p4_019_20260922T094132522323Z/attempt.json,70776,df37d2170c697ab0b173508c3e3567edd6ef4d79046cca64e8bd4dfb784bbada
attempts/p4_019_20260922T094132522323Z/missing_runs.xml,174444,a7454667bb622589b59ab581fa62e167d895a02a134d0661712cb0826ee41ac0
attempts/p4_019_20260922T094132522323Z/netlogo.log,0,e3b0c44298fc1c149afbf4c8996fb92427ae41e4649b934ca495991b7852b855
attempts/p4_019_20260922T094132522323Z/raw.csv,783386,a6e421ab78399eed4f3bcbfa2ed86c577dd9cec3be639e90592a279dc44eda92
attempts/p4_019_20260922T094132522323Z/validation.json,259,4d96c10a009b1341191910bc9c340a1d002f3f063680ae9b05a622e1a84d66ec
attempts/p4_020_20260922T094221175848Z/attempt.json,70774,a184bda4b9713929f15774a16aea43b0a72088a6592d96c5934b75bec083da08
attempts/p4_020_20260922T094221175848Z/missing_runs.xml,174454,e8dbd6dc8e32122efdf285aa1131a859657d718d352a1d823d097a4979fe157f
attempts/p4_020_20260922T094221175848Z/netlogo.log,0,e3b0c44298fc1c149afbf4c8996fb92427ae41e4649b934ca495991b7852b855
attempts/p4_020_20260922T094221175848Z/raw.csv,783267,de39f84bd125d5e230077fd55e11b46c7fa9ec066deb44257182ad7d5294044c
attempts/p4_020_20260922T094221175848Z/validation.json,259,5d7ae11b8f3642af5eaf42870c94016261360915b0e89878c1997b63ec061c49
attempts/p4_021_20260922T094315393031Z/attempt.json,70776,2a7d4c85758c58d2bbf16f1d3ef9514eebd321bd5593224537149caaa186c388
attempts/p4_021_20260922T094315393031Z/missing_runs.xml,174464,cbce2cfd93455f9d581ce3aa66370569d9307fb4f91a64e48d9d311cb9f2b1f6
attempts/p4_021_20260922T094315393031Z/netlogo.log,0,e3b0c44298fc1c149afbf4c8996fb92427ae41e4649b934ca495991b7852b855
attempts/p4_021_20260922T094315393031Z/raw.csv,787898,776c9da33c34b26433f896d04f531ba3f2630eac4791bb3192647dd2b9fc0074
attempts/p4_021_20260922T094315393031Z/validation.json,259,3b0a495ec93c3702f215044cb5dc4860f6209383041b72e7334dd183fb6d58da
attempts/p4_022_20260922T094404028709Z/attempt.json,70776,9a155ab08635374d17fe228087d1164e51ee72f485a7a26367fd8de678bddc93
attempts/p4_022_20260922T094404028709Z/missing_runs.xml,174432,b0ef85ed5d0f39b0aebf2b92825d33679dacb1fbee33e79124ea51073d36c656
attempts/p4_022_20260922T094404028709Z/netlogo.log,0,e3b0c44298fc1c149afbf4c8996fb92427ae41e4649b934ca495991b7852b855
attempts/p4_022_20260922T094404028709Z/raw.csv,786201,2b831fbaef7f8c4380574e9e0bbddf6a5980bb513e804711513eb3c1c0c9ba25
attempts/p4_022_20260922T094404028709Z/validation.json,259,6120188b5a61d3ea614e30e2c50d53b38b7183935a3a71608f6a6bb4ac5f39c3
attempts/p4_023_20260922T094456364940Z/attempt.json,70776,d5c6bc9cdfd6a7fb5a7ebfd91330b757ef70c8ba991e14e260b1b39761a865af
attempts/p4_023_20260922T094456364940Z/missing_runs.xml,174445,23d368ec0ea7549545d9abd70f188b157623c7edcde9ad7b0fa458421b7def9e
attempts/p4_023_20260922T094456364940Z/netlogo.log,0,e3b0c44298fc1c149afbf4c8996fb92427ae41e4649b934ca495991b7852b855
attempts/p4_023_20260922T094456364940Z/raw.csv,788073,108de4a60eb9481936128a0ef5dd9b01e14c894587de07d21fa0f20b770cfb5f
attempts/p4_023_20260922T094456364940Z/validation.json,259,d9664c89f0d80ffe15edbe1e2a4bc3d2a11b81f42d00993f4e518d70e962ad9d
attempts/p4_024_20260922T094548122947Z/attempt.json,70776,88f3ef87e990c87df41edcfdca27d17618b6d1926c763ad5d8b7af23baa22c94
attempts/p4_024_20260922T094548122947Z/missing_runs.xml,174445,f8d16fbb26e57d9a4af2b4c83752aca515d6b295ea8597d56b89eae0ca2c66fa
attempts/p4_024_20260922T094548122947Z/netlogo.log,0,e3b0c44298fc1c149afbf4c8996fb92427ae41e4649b934ca495991b7852b855
attempts/p4_024_20260922T094548122947Z/raw.csv,782077,48cc9f13d60fc4fa90b82334a78b9c222dece48436dbe186107f83d5fd40ad8d
attempts/p4_024_20260922T094548122947Z/validation.json,259,626e82840f7d7f154eab46fd58920274a751e519a52ca4bbfe3beff3838ae158
attempts/p4_025_20260922T094642243254Z/attempt.json,70775,24946d385b1e2cacd47652618cca92c07cfb31b547edee1b0c908b8260b9ed8d
attempts/p4_025_20260922T094642243254Z/missing_runs.xml,174437,4ff50130209002865fa150f963f9eccc01c630b4b56488013ee94633ae5123ac
attempts/p4_025_20260922T094642243254Z/netlogo.log,0,e3b0c44298fc1c149afbf4c8996fb92427ae41e4649b934ca495991b7852b855
attempts/p4_025_20260922T094642243254Z/raw.csv,783747,223b83764ea6ffa8119c1141b47d144d2fbf64d0550893bd592826dd45c201d5
attempts/p4_025_20260922T094642243254Z/validation.json,259,bcb6182e91c39e7e075c9c9e2450022fb71073ce2fc128c3a79f67f87c17abe7
attempts/p4_026_20260922T094742443931Z/attempt.json,70776,80275f38414eb10f197c5bc7429fc2fa1f1076ed6c1febdc4a6ab25a64d9ef29
attempts/p4_026_20260922T094742443931Z/missing_runs.xml,174455,a5aac8d651a3764c97067d9f30745d5c36d4d05f8a4b31e2d7066c6a26dcfee0
attempts/p4_026_20260922T094742443931Z/netlogo.log,0,e3b0c44298fc1c149afbf4c8996fb92427ae41e4649b934ca495991b7852b855
attempts/p4_026_20260922T094742443931Z/raw.csv,782546,7a395ef1b215dd5219d19e7931b884f739b5194472d9901009b04afa080db376
attempts/p4_026_20260922T094742443931Z/validation.json,259,6a8a9a9e6cfc1853a1a2cd7eea5f45f5335873acec463e3da75efe4152f51300
attempts/p4_027_20260922T094832150070Z/attempt.json,70776,3296c8ee1ffe098a8f4fa2dc18911fcedd9cc01320969872cf7519d24058fd94
attempts/p4_027_20260922T094832150070Z/missing_runs.xml,174454,bd00af2bc0da482745e328545354b66f58706f37b559ec9b5ccf8d6cdafcfdb0
attempts/p4_027_20260922T094832150070Z/netlogo.log,0,e3b0c44298fc1c149afbf4c8996fb92427ae41e4649b934ca495991b7852b855
attempts/p4_027_20260922T094832150070Z/raw.csv,786134,5f7220c474f460e91b8470fdcb5077b1fcfb3ac6305db8e2b2f35bc900c9901a
attempts/p4_027_20260922T094832150070Z/validation.json,259,5d4351588c613334c36ee22a4f6f546efeb15562768e769ffa01b12615bd8589
attempts/p4_028_20260922T094920879208Z/attempt.json,70776,745202340f04b0031629ebc7967561a81951eacfbb8f737ae0d36fe0a90352f9
attempts/p4_028_20260922T094920879208Z/missing_runs.xml,174451,0a5593cbd6a7421cf2a4e407b382aeb819fa70efc7709f440116aa766b61d267
attempts/p4_028_20260922T094920879208Z/netlogo.log,0,e3b0c44298fc1c149afbf4c8996fb92427ae41e4649b934ca495991b7852b855
attempts/p4_028_20260922T094920879208Z/raw.csv,787655,c74458a97da084297ebe15491288470ac46193ca66f47c57dfbdbdf5b54ad4c5
attempts/p4_028_20260922T094920879208Z/validation.json,259,2e64d14768ffdebd259b9494658efc2302aeacd4b7b777bf2fc52f8a41ec932b
attempts/p4_029_20260922T095017105735Z/attempt.json,70776,067417f2c431525b43e701d172df024fdc600fb837ccf6c83b4818c5d0013434
attempts/p4_029_20260922T095017105735Z/missing_runs.xml,174444,4bce538443388c56721efb0dedba6471982be47dcadeb0653d0177037ca27af1
attempts/p4_029_20260922T095017105735Z/netlogo.log,0,e3b0c44298fc1c149afbf4c8996fb92427ae41e4649b934ca495991b7852b855
attempts/p4_029_20260922T095017105735Z/raw.csv,783910,d0a9142f8b379f33c80a474803c2a8a26b68078db25fc7208120b6c11007ae90
attempts/p4_029_20260922T095017105735Z/validation.json,259,a0f3acd75c12f260e16ccdf00df1209a4d8945f36a23851978c9aaa5e93f8df3
attempts/p4_030_20260922T095105747099Z/attempt.json,70776,c0aca554fb7a174a6cc3e27bc13643be22cd17f619ca0925667934df5750302b
attempts/p4_030_20260922T095105747099Z/missing_runs.xml,174454,65e0a93d9f89ca8dbe40c113ad603316b186936198fd4dfc5281a22a7a2d4d61
attempts/p4_030_20260922T095105747099Z/netlogo.log,0,e3b0c44298fc1c149afbf4c8996fb92427ae41e4649b934ca495991b7852b855
attempts/p4_030_20260922T095105747099Z/raw.csv,783587,5d30a8ba75ed80bd1ae6dfb56351f4fd492a3376c1781d323b8b950ab2c75cc3
attempts/p4_030_20260922T095105747099Z/validation.json,259,a165a93099e3e4d0b3c83f925a1279be84c0e7f44c801acfb9d101f87f3909ca
attempts/p4_031_20260922T095204324068Z/attempt.json,70776,d17a8bda83728cd672f6e109dcfee73a9370580da09c7793a17812a88b36d92a
attempts/p4_031_20260922T095204324068Z/missing_runs.xml,174579,4cb6258e0024811c10c4ca1c9bee8d60f05511710517ea55048cfda6dcc563e5
attempts/p4_031_20260922T095204324068Z/netlogo.log,0,e3b0c44298fc1c149afbf4c8996fb92427ae41e4649b934ca495991b7852b855
attempts/p4_031_20260922T095204324068Z/raw.csv,798161,75f19aedfbbf70efe861e92292694c50b9b256028a90dc1054a7459e018465e9
attempts/p4_031_20260922T095204324068Z/validation.json,259,e43e2dd3916237641627fb6d90307703209ce473547dde57323a21c9bbd0689e
attempts/p4_032_20260922T095257753858Z/attempt.json,70776,12522c72fddb1559eb0dcffc8506ddaae762eee103461504ce575d3cd4fe7201
attempts/p4_032_20260922T095257753858Z/missing_runs.xml,174568,003edef5e47391fd42f4a3a787a4b3d5eee7279acc6a927ec495d11c71a6e3ed
attempts/p4_032_20260922T095257753858Z/netlogo.log,0,e3b0c44298fc1c149afbf4c8996fb92427ae41e4649b934ca495991b7852b855
attempts/p4_032_20260922T095257753858Z/raw.csv,795327,86ab0e8d12b494533871c5e15906f7d2694b2a7e3054545975450fe7ac8de9d8
attempts/p4_032_20260922T095257753858Z/validation.json,259,a842c28fc75ab6ccd4fce449e60c668e09723b218276c53cfd689a7c0f6994f8
attempts/p4_033_20260922T095347136984Z/attempt.json,70776,6245ea56468852fa5188fd4db4e39c92dd60dba6751d4e936e4e7631af0484f9
attempts/p4_033_20260922T095347136984Z/missing_runs.xml,174569,33648f078ca6360895f287033a9376eb9e8f1ce19acb5f88679d852b2277cf4a
attempts/p4_033_20260922T095347136984Z/netlogo.log,0,e3b0c44298fc1c149afbf4c8996fb92427ae41e4649b934ca495991b7852b855
attempts/p4_033_20260922T095347136984Z/raw.csv,792047,cb33bc8efa919feac4181ec1eb412d777db8d3ac698640e848bee973305d5da2
attempts/p4_033_20260922T095347136984Z/validation.json,259,76d14d7df4a09f9cb5f27ac7a9812f5e731a1230ab3dad31537e059743e210b3
attempts/p4_034_20260922T095440332180Z/attempt.json,70776,d15cc3d102c9128383e56d95c64fc244fe7988a14c234900ae35f09b37076e45
attempts/p4_034_20260922T095440332180Z/missing_runs.xml,174575,21266eadf619e0b1428860f572a0150c17f25d842b2bc069b4466ce455f49fcb
attempts/p4_034_20260922T095440332180Z/netlogo.log,0,e3b0c44298fc1c149afbf4c8996fb92427ae41e4649b934ca495991b7852b855
attempts/p4_034_20260922T095440332180Z/raw.csv,798356,f7b747ad12cfec10c3d062dde3d53cab52c04939279ef2a4a9f1c1fd0e2ee6d5
attempts/p4_034_20260922T095440332180Z/validation.json,259,ba3600450b3efbbeb82438669aefe33932b0042278d77c17af070963c9970e92
attempts/p4_035_20260922T095531202410Z/attempt.json,70776,fb3961ea54c9aa2fd97933b693e0cbe2cb20b6048de12fce58bb55b9e4d79df4
attempts/p4_035_20260922T095531202410Z/missing_runs.xml,174573,dfdf5d69cec241cc3bed44f8b43382a8ae8d2685e20e972f28b0beb96a28c143
attempts/p4_035_20260922T095531202410Z/netlogo.log,0,e3b0c44298fc1c149afbf4c8996fb92427ae41e4649b934ca495991b7852b855
attempts/p4_035_20260922T095531202410Z/raw.csv,795460,1dabe49d0fee16523816e315782f4357c48fd3e0c8198d25e47c8a14d8791646
attempts/p4_035_20260922T095531202410Z/validation.json,259,6670b0bd4dbd20a919cca53bd73fb66c2422794ac2f7e2d4acb8a6ad08d881d0
attempts/p4_036_20260922T095633946675Z/attempt.json,70776,4c6d80f65a3d64ae952f68cbb933923f8fe89b7e5fa9f5e85b65d9e0818321dd
attempts/p4_036_20260922T095633946675Z/missing_runs.xml,174572,31a69c6abc37c345c8f996bc277bafc8de05d713bd14fd52fe6294ec2ab4f11c
attempts/p4_036_20260922T095633946675Z/netlogo.log,0,e3b0c44298fc1c149afbf4c8996fb92427ae41e4649b934ca495991b7852b855
attempts/p4_036_20260922T095633946675Z/raw.csv,794652,bc33be11cf24dc9b14dfef9087f8a0961ddf1d628f9ef2913a91548c15c9b6e4
attempts/p4_036_20260922T095633946675Z/validation.json,259,f365a9036fa32d2b5005c2b9c5d9f639218ee4444978fcb4e4ef586cde6bfc55
attempts/p4_037_20260922T095723110020Z/attempt.json,70776,559983e32db0e7f784cfa0eb20c82fe0c2536696d2ada30d7a3036b388d35985
attempts/p4_037_20260922T095723110020Z/missing_runs.xml,174591,aae42548e71c9d04a9149bf74083ae555181cdc8d61ad728892778d0229e74d9
attempts/p4_037_20260922T095723110020Z/netlogo.log,0,e3b0c44298fc1c149afbf4c8996fb92427ae41e4649b934ca495991b7852b855
attempts/p4_037_20260922T095723110020Z/raw.csv,795386,1f371c4ea8d129541d6dc16984b5c911c3d5bb62452ef11fc93e6f654b8c8f9f
attempts/p4_037_20260922T095723110020Z/validation.json,259,5f98cf5b3c8f71c1a117d77512db9d45e0402776e629593de067ed5c295e8bcc
attempts/p4_038_20260922T095814717313Z/attempt.json,70776,3e88f765ed63aaaa499023eb041d53be28c42ca10c593739f051aad13bafed15
attempts/p4_038_20260922T095814717313Z/missing_runs.xml,174558,acd229eebbcebdae80a75c9f2232985a3b0d6f3e8542e5f56ecc458f100c4729
attempts/p4_038_20260922T095814717313Z/netlogo.log,0,e3b0c44298fc1c149afbf4c8996fb92427ae41e4649b934ca495991b7852b855
attempts/p4_038_20260922T095814717313Z/raw.csv,794738,6af70e25b9e9b3a29e9f468244654d97496bde09b8dce5dea618d976250407fd
attempts/p4_038_20260922T095814717313Z/validation.json,259,12dfaf2d6e591b0c23283cbfea466a7373bf4128b208af2b504caea0112be9ad
attempts/p4_039_20260922T095906451318Z/attempt.json,70776,8ae8093e4fef3dfe7d01aec49b1e2362ff18fa1f8145faf17274bae492041e86
attempts/p4_039_20260922T095906451318Z/missing_runs.xml,174576,e0d13d1b822e22b1feb2a6dc3755518482e0b37bbf479140bcdf330085842675
attempts/p4_039_20260922T095906451318Z/netlogo.log,0,e3b0c44298fc1c149afbf4c8996fb92427ae41e4649b934ca495991b7852b855
attempts/p4_039_20260922T095906451318Z/raw.csv,798103,d65c389b14c10306a29c7d3609ea6cd94b290e939e72dad4eff3638e0b1927ec
attempts/p4_039_20260922T095906451318Z/validation.json,259,395acfb58667b71888b3d85df28d01540b0b160a66381e587b3d76878bf89637
attempts/p4_040_20260922T100006539221Z/attempt.json,70776,92a2460ec6dbba0d1072313bebf242e87267dc98be049b244ac93e446f75a222
attempts/p4_040_20260922T100006539221Z/missing_runs.xml,174581,b2fdc9b4a20945b19d67fcdd5b69285d890536861d5bfe3bb3fbd6578663efe6
attempts/p4_040_20260922T100006539221Z/netlogo.log,0,e3b0c44298fc1c149afbf4c8996fb92427ae41e4649b934ca495991b7852b855
attempts/p4_040_20260922T100006539221Z/raw.csv,796351,110887a29f2b147f1bc6e7903c668a47f93ff00a9c0b7ceecb59dcfa6cfa3c4c
attempts/p4_040_20260922T100006539221Z/validation.json,259,715561d3d2bc35d4c5490f445bc8750125ec202913ad65c466eda650130c7b87
attempts/p4_041_20260922T100059759551Z/attempt.json,70776,af2d174067f404108b280d586b266edf864e123ed47beed2b58d61fa33e008e3
attempts/p4_041_20260922T100059759551Z/missing_runs.xml,174579,f4b67bcf439bf1117d5a1453dfa4d304c82530c96bd2964ff570608521fc5ce5
attempts/p4_041_20260922T100059759551Z/netlogo.log,0,e3b0c44298fc1c149afbf4c8996fb92427ae41e4649b934ca495991b7852b855
attempts/p4_041_20260922T100059759551Z/raw.csv,800822,552616020e203335a6cd0900d40d652f2528a77929887a3b625cbc4d81bc1c7a
attempts/p4_041_20260922T100059759551Z/validation.json,259,e9cd7624e614aa3a857abd7c9165a3bf470549197958c7dcdd8d86195a222143
attempts/p4_042_20260922T100200206391Z/attempt.json,70776,6d161ed407b619e8aab30ac210e58f855aa2f85943c7589972e5489dba362e34
attempts/p4_042_20260922T100200206391Z/missing_runs.xml,174568,4c51af79378d672eaabe968ec4ace67f0e00339f5dcb49dd790ee7dc34ddc218
attempts/p4_042_20260922T100200206391Z/netlogo.log,0,e3b0c44298fc1c149afbf4c8996fb92427ae41e4649b934ca495991b7852b855
attempts/p4_042_20260922T100200206391Z/raw.csv,798272,8594a380e1d02104a041164f188800093e9d5a086d186d15c072ea91cc435349
attempts/p4_042_20260922T100200206391Z/validation.json,259,4dda42dd9cdd0c59ea3cf973c6498c351ea05489590332cdc83c3bab34068e49
attempts/p4_043_20260922T100256515717Z/attempt.json,70776,e0d988de1dff254358bedba213bafcab5e7087b0f49c6f558a57eead63000d7b
attempts/p4_043_20260922T100256515717Z/missing_runs.xml,174569,a2e8f4530d56ca5882accc3292b097b92e634cc705318ecc896bfeeaeef3caf9
attempts/p4_043_20260922T100256515717Z/netlogo.log,0,e3b0c44298fc1c149afbf4c8996fb92427ae41e4649b934ca495991b7852b855
attempts/p4_043_20260922T100256515717Z/raw.csv,793529,8e8d0a4b9d8ad54977e6de99904f3335669cc898e588d14781a4deea2080f7e7
attempts/p4_043_20260922T100256515717Z/validation.json,259,c6fc9258958b0a5b4b2bf84d22bbf517d841a60c33582084e9ada763804135db
attempts/p4_044_20260922T100350191506Z/attempt.json,70776,28c8f3f7637b1809d4b5dafd17777d94c5b5065ec5d76db522560cbfbc2f6990
attempts/p4_044_20260922T100350191506Z/missing_runs.xml,174575,1ad5354f0b85315000b0d0fef89a557438b9eae074b33530beec650449425025
attempts/p4_044_20260922T100350191506Z/netlogo.log,0,e3b0c44298fc1c149afbf4c8996fb92427ae41e4649b934ca495991b7852b855
attempts/p4_044_20260922T100350191506Z/raw.csv,801647,62b48222f7ddb4ead54651a99f5d82bc3c5eb282efc1d3697d576d4bfca30f22
attempts/p4_044_20260922T100350191506Z/validation.json,259,b23b320658227c6cc58866f7d12fabd8c7dbd88ed41aec1bd963d7cfc7407e05
attempts/p4_045_20260922T100442919416Z/attempt.json,70775,8961b760da5f30be59e0ea7464912d26dfd49276c4a1173e7bc10f5ae328675c
attempts/p4_045_20260922T100442919416Z/missing_runs.xml,174573,f62a8b3387315997987858bcef4b3ab55dfec070f3a65f740a57a75daaffb1a6
attempts/p4_045_20260922T100442919416Z/netlogo.log,0,e3b0c44298fc1c149afbf4c8996fb92427ae41e4649b934ca495991b7852b855
attempts/p4_045_20260922T100442919416Z/raw.csv,799061,4a552a17dd5361f2c50bf5c7b9bf941c71c17d81308d91a705a693d0c06617b6
attempts/p4_045_20260922T100442919416Z/validation.json,259,1c0baadb3a7454bcf56286f3c6f274d5d2f026fb8016313a4cedecba1ff37416
attempts/p4_046_20260922T100533225968Z/attempt.json,70776,bd43bfc0cc6c048a866ce474fca801d927f61576b7f28fedae810885313915c5
attempts/p4_046_20260922T100533225968Z/missing_runs.xml,174572,bde7ef35736dec16d13962d2d9aeb680144511a518cea992abc4f954556bd222
attempts/p4_046_20260922T100533225968Z/netlogo.log,0,e3b0c44298fc1c149afbf4c8996fb92427ae41e4649b934ca495991b7852b855
attempts/p4_046_20260922T100533225968Z/raw.csv,796068,2281e431edbc8f0fa1bfedb8865c1e2a0dcee0ca2d2bce8f8885f1448e3b0cba
attempts/p4_046_20260922T100533225968Z/validation.json,259,d1ed40b5f2e5a60d2710e04ed8386d7cc57a09a5ec2356ec9de5b5885674ce6b
attempts/p4_047_20260922T100629125242Z/attempt.json,70774,693cda229638dcdba71b43762ddb5259ae5bdaa11d5f28b991d0bdc57db4c16a
attempts/p4_047_20260922T100629125242Z/missing_runs.xml,174591,bf167d80082a6ced53ca4a3908bae6e878229f3a572422401c424478ad6d25ad
attempts/p4_047_20260922T100629125242Z/netlogo.log,0,e3b0c44298fc1c149afbf4c8996fb92427ae41e4649b934ca495991b7852b855
attempts/p4_047_20260922T100629125242Z/raw.csv,799266,68c6f35026a8f205c6666740a0e727e72878878abb37ef3749070ca314a9d090
attempts/p4_047_20260922T100629125242Z/validation.json,259,10bbf2d266ce6f6fb8a61f045446f2cbfc0d947df4d6e9b8e123ded4f14e770c
attempts/p4_048_20260922T100730017860Z/attempt.json,70776,0753e20054591cb5a78d4c8d9e4b7998390ebd30d67d62c941cf670141e251a4
attempts/p4_048_20260922T100730017860Z/missing_runs.xml,174558,d44e5c2eaf771415bb2b85af8352e9db95af4ba58e3427bc452a847cae7b1d00
attempts/p4_048_20260922T100730017860Z/netlogo.log,0,e3b0c44298fc1c149afbf4c8996fb92427ae41e4649b934ca495991b7852b855
attempts/p4_048_20260922T100730017860Z/raw.csv,797979,76748c06fd01bb4f96fb3d23fd75cbe693ce931494f07a2b1a940bfd42ce0706
attempts/p4_048_20260922T100730017860Z/validation.json,259,724693e7ba4eb7522f80e9381b6a75f69be54f9691b16edb0ecffe73b12a6668
attempts/p4_049_20260922T100820337782Z/attempt.json,70776,3487cc28be9d8cd67c656e0b17c53ee3d196df9829b9ae3c832a756a22739535
attempts/p4_049_20260922T100820337782Z/missing_runs.xml,174576,b0e44281db65b259b3eab72c4d82b7eec8a67b12309541722ef33ad3f70ab0fe
attempts/p4_049_20260922T100820337782Z/netlogo.log,0,e3b0c44298fc1c149afbf4c8996fb92427ae41e4649b934ca495991b7852b855
attempts/p4_049_20260922T100820337782Z/raw.csv,800896,bc2e6a449ffc55f17f5f1b78bb111c17e07a41782b1211faf73a158d4899877b
attempts/p4_049_20260922T100820337782Z/validation.json,259,5d15d6256c6fc632a28b97fd02ba8368e5889f3bf608b59734b1f2d2b3517038
attempts/p4_050_20260922T100912976232Z/attempt.json,70776,c320f0f2c5fcdd18fb484ea5d2995a998bf43175da4e20fe3562e0b98ff3cbc0
attempts/p4_050_20260922T100912976232Z/missing_runs.xml,174581,68e844aa9abcc1891389fe90267a9b94f696142e8840adad3dbf8d7768b7e76b
attempts/p4_050_20260922T100912976232Z/netlogo.log,0,e3b0c44298fc1c149afbf4c8996fb92427ae41e4649b934ca495991b7852b855
attempts/p4_050_20260922T100912976232Z/raw.csv,800253,80a678a70535fb3946be76c4f680c04616dcd70892426c9c1fc797406268fa43
attempts/p4_050_20260922T100912976232Z/validation.json,259,50e696c133874203bb035c4e5300dce086aa0546e96833996c0df1a38ebc2eef
attempts/p4_051_20260922T101017597907Z/attempt.json,70776,ac42bdd2dce04fa049159ee77bc96fc0d930751cc4f583ad751647c37c3b0e6d
attempts/p4_051_20260922T101017597907Z/missing_runs.xml,174579,bf4c6d95acb9d8e95256ed35603b7b60513b7a543332cfe8329637b86679271e
attempts/p4_051_20260922T101017597907Z/netlogo.log,0,e3b0c44298fc1c149afbf4c8996fb92427ae41e4649b934ca495991b7852b855
attempts/p4_051_20260922T101017597907Z/raw.csv,803477,fd42ec6927c697743a1493c35af422f8042c58843e448876ced879bef1e0d6fb
attempts/p4_051_20260922T101017597907Z/validation.json,259,e0fb766413913c97355bfe0c104a5d7be89689a746745467515c29f6dfa98d40
attempts/p4_052_20260922T101120675997Z/attempt.json,70776,af108f579536e3a68efc144ee42c828b542be1d93e09012417baae3aa9a84761
attempts/p4_052_20260922T101120675997Z/missing_runs.xml,174568,3bb65bc6502480d7260e5e3d4a81e47cee95c2909b1a63827debc98f5fe287d2
attempts/p4_052_20260922T101120675997Z/netlogo.log,0,e3b0c44298fc1c149afbf4c8996fb92427ae41e4649b934ca495991b7852b855
attempts/p4_052_20260922T101120675997Z/raw.csv,798518,4f7b7f8dbb1577b10b282ee8421a5585deb4d1558f87a7fe7fd689a42eb88711
attempts/p4_052_20260922T101120675997Z/validation.json,259,98d8b1e8f45465021daad4f628a7633ae1ec6a5528fb25fd38d09408630e8fcd
attempts/p4_053_20260922T101218702545Z/attempt.json,70776,6b732c62d97848c62e21dfd6ca03733b6b89c4f5a1fc76f8096438e48d399e99
attempts/p4_053_20260922T101218702545Z/missing_runs.xml,174569,b8b40e86288aac491616912bfbd0604795e7590e6dd1f49d753e710bfd81ab1d
attempts/p4_053_20260922T101218702545Z/netlogo.log,0,e3b0c44298fc1c149afbf4c8996fb92427ae41e4649b934ca495991b7852b855
attempts/p4_053_20260922T101218702545Z/raw.csv,794695,f2dd4bb5074ff86b1c6f58a97433e06de57fba2fc404ac059524d10a14e28d03
attempts/p4_053_20260922T101218702545Z/validation.json,259,89d2ebe4435651dec19438c6915d4f7304b383eb416b76696c1a38b2bc1976d3
attempts/p4_054_20260922T101309240672Z/attempt.json,70776,e3bbf83dd7bd7b2bef7636e0c60020d3bdcbd4be6aaa6a7c57db69110064e6ef
attempts/p4_054_20260922T101309240672Z/missing_runs.xml,174575,35a79526694b9674f87659c93ecf5b4016eabc77210551b0ed7d091a13d76f3a
attempts/p4_054_20260922T101309240672Z/netlogo.log,0,e3b0c44298fc1c149afbf4c8996fb92427ae41e4649b934ca495991b7852b855
attempts/p4_054_20260922T101309240672Z/raw.csv,803824,ac1d46c1118cf3c901073d36f69d799fc561dac0b4a3e5cc9349c9bd91a712a3
attempts/p4_054_20260922T101309240672Z/validation.json,259,80235d4aac9da3fc083b0847a01b453d4371c4c0e692c622b8444f1155a17648
attempts/p4_055_20260922T101402437079Z/attempt.json,70776,a0f2e06416f46111309a554b38b79ef8f84dabcfe1ed9388de4b3a2319041e66
attempts/p4_055_20260922T101402437079Z/missing_runs.xml,174573,885255b4bc36cc52f67eba53fab379f3a2648fc05b515a0db29b82c1aa96e4cf
attempts/p4_055_20260922T101402437079Z/netlogo.log,0,e3b0c44298fc1c149afbf4c8996fb92427ae41e4649b934ca495991b7852b855
attempts/p4_055_20260922T101402437079Z/raw.csv,802628,c99c2b65713218584e534333bc7c4488dda31f631601e08aade1a5cddb7118ca
attempts/p4_055_20260922T101402437079Z/validation.json,259,740bd91bfd8972a1fd6f6f15639bb384bdc4a7ed636219bc07690277013d0fb9
attempts/p4_056_20260922T101454640748Z/attempt.json,70776,36be89a7007271e535e4963e60c5d332f74a2d66828a691aba433eeddc21edee
attempts/p4_056_20260922T101454640748Z/missing_runs.xml,174572,ef3778f71e20afc9a232d15b504ffd14448c5ab7f8a9245e55f0dbc75ad95827
attempts/p4_056_20260922T101454640748Z/netlogo.log,0,e3b0c44298fc1c149afbf4c8996fb92427ae41e4649b934ca495991b7852b855
attempts/p4_056_20260922T101454640748Z/raw.csv,798344,d5760a9cbd3262b6e821437bffb967a56ba39367cbbacf287814251963e70d1a
attempts/p4_056_20260922T101454640748Z/validation.json,259,99e55fd9e43971027e1db3900012045d25dcd1a5ab1b85d1eec568b2c8e84dfb
attempts/p4_057_20260922T101547135277Z/attempt.json,70776,99bba6bd2f8c3531d9811cfe35dfb8fde996bee550e714b947eb7e210c868219
attempts/p4_057_20260922T101547135277Z/missing_runs.xml,174591,e8c0bd841415b746e6c3848d55be4393d35cbc50265da952947d38376636f4cd
attempts/p4_057_20260922T101547135277Z/netlogo.log,0,e3b0c44298fc1c149afbf4c8996fb92427ae41e4649b934ca495991b7852b855
attempts/p4_057_20260922T101547135277Z/raw.csv,800553,40fe15a6aac15037e29385002a5b56f64319a09a0152f3cf9043b7a5983bc7aa
attempts/p4_057_20260922T101547135277Z/validation.json,259,6732920c65cd83d8ba62e988d64b6c0912f70956d3564aa3120d281ac70550ac
attempts/p4_058_20260922T101639144124Z/attempt.json,70776,e530879e59d1b4f5ed6fc56ddc6208884ac4e16c0ec5607f0b51e20abed7d5bd
attempts/p4_058_20260922T101639144124Z/missing_runs.xml,174558,aa03bb4151bafd276e492fd56d39fb7b818071be3463590de0653e6718350a69
attempts/p4_058_20260922T101639144124Z/netlogo.log,0,e3b0c44298fc1c149afbf4c8996fb92427ae41e4649b934ca495991b7852b855
attempts/p4_058_20260922T101639144124Z/raw.csv,798925,47f2a381939b3770351c4e63ee26c1624d6031c74f76773f7e1c13fd4fcfd1bb
attempts/p4_058_20260922T101639144124Z/validation.json,259,c95c457a21162abc7dd98ff8201b2c6fa24e2117c614046e6934acfe6fe3e498
attempts/p4_059_20260922T101731020612Z/attempt.json,70776,968e7d0db00e57ba7d3a600f5ec37326202d7de16853262c192e1bd820cd060e
attempts/p4_059_20260922T101731020612Z/missing_runs.xml,174576,2446b92c4386da6c834a8b999f55e2758a7027113ecd3ddcb324afebda2931ac
attempts/p4_059_20260922T101731020612Z/netlogo.log,0,e3b0c44298fc1c149afbf4c8996fb92427ae41e4649b934ca495991b7852b855
attempts/p4_059_20260922T101731020612Z/raw.csv,803083,22e3838df4fe593b3db527313f95e9e2a368521d70e61754161e6f77e96daa33
attempts/p4_059_20260922T101731020612Z/validation.json,259,c76e03f99d048f2e326b3f19692a23285d090c6d4a011a294000143f35af31f0
attempts/p4_060_20260922T101822410828Z/attempt.json,70776,803780346fb486688ffc3af97965113aed36328a32c65b3b74397827a9a1644c
attempts/p4_060_20260922T101822410828Z/missing_runs.xml,174581,e792904ca5f0caf75252e5e22701097a3d5e64037caa7f97350460c56e463a88
attempts/p4_060_20260922T101822410828Z/netlogo.log,0,e3b0c44298fc1c149afbf4c8996fb92427ae41e4649b934ca495991b7852b855
attempts/p4_060_20260922T101822410828Z/raw.csv,800268,d863b30178a8bce540b4ceae5da6865d7c7556c3421c4ac8f1d3d0d1d1416613
attempts/p4_060_20260922T101822410828Z/validation.json,259,841119a78871d31754a129195d7f500e0605379463fe5f6d724f95fa11e12cc3
execution_binding.json,44261,bdc2c2b411b35e55a59a8e5617852b9ffbf73481b75849eac372e68735daabd8
execution_summary.json,161,ff71be8d2e35f9a0bea7fdc02420f26de9bb86a1bf6d7e764af1b303e682c812
run_status.csv,17820497,6513581af95e00ab8c3596cd071b1f921dfa121685e41f4da20fbb50dc44cb5a
validation_summary.json,18055,14613060a8fefd5f99b57bf2380208a6cd84afea4556a2e60584aeea82bdbd21
