condition_id,p0,platform-tpr,platform-tnr,E_mean_n,E_mean_n_total,E_mean_mean,E_mean_sd,E_mean_se,E_mean_ci_low,E_mean_ci_high,O_final_n,O_final_n_total,O_final_mean,O_final_sd,O_final_se,O_final_ci_low,O_final_ci_high,PR_final_n,PR_final_n_total,PR_final_mean,PR_final_sd,PR_final_se,PR_final_ci_low,PR_final_ci_high
34,10,70.0,70.0,30,30,99.5248,0.17396440381,0.03176140939,99.459840624,99.589759376,30,30,99.9733333333,0.0583292280986,0.0106494113305,99.9515528416,99.9951138251,30,30,2.17987736196,0.715825516158,0.130691260812,1.91258372138,2.44717100254
35,10,80.0,80.0,30,30,99.7270666667,0.0529768546295,0.00967220610209,99.707284784,99.7468485493,30,30,99.7433333333,0.194197434788,0.0354554385476,99.6708188194,99.8158478472,30,30,2.44211037623,0.316956117268,0.0578680050557,2.32375701696,2.5604637355
36,10,90.0,90.0,30,30,99.8282,0.0298841441063,0.00545607327958,99.8170410772,99.8393589228,30,30,95.7666666667,0.601912660255,0.10989371389,95.5419087855,95.9914245478,30,30,4.19499923698,0.379658708967,0.0693158796848,4.05323234518,4.33676612878
43,30,70.0,70.0,30,30,98.8159333333,0.137955998316,0.0251872040735,98.764419717,98.8674469497,30,30,99.97,0.0466091599699,0.00850962943397,99.9525958536,99.9874041464,30,30,5.21948227734,0.431280631383,0.0787407101411,5.05843944292,5.38052511177
44,30,80.0,80.0,30,30,99.2635333333,0.0878912860352,0.0160466799899,99.2307141878,99.2963524789,30,30,99.6533333333,0.173668994182,0.0317074752176,99.5884842651,99.7181824015,30,30,6.39321134336,0.484017440677,0.0883690901616,6.21247626071,6.573946426
45,30,90.0,90.0,30,30,99.4989333333,0.052885649793,0.00965555445331,99.4791855072,99.5186811595,30,30,95.42,0.699457918184,0.127702959938,95.1588181209,95.6811818791,30,30,10.7569742322,0.481225199528,0.0878592990071,10.5772817895,10.9366666748
52,50,70.0,70.0,30,30,98.2259333333,0.197896164576,0.0361307311274,98.152037691,98.2998289756,30,30,99.9866666667,0.0345745903642,0.00631242768632,99.9737563024,99.9995770309,30,30,7.67939471719,0.73312342032,0.133849411581,7.40564193304,7.95314750134
53,50,80.0,80.0,30,30,98.8440666667,0.089036967655,0.0162558518788,98.8108197165,98.8773136168,30,30,99.6833333333,0.141624402079,0.025856959904,99.6304499125,99.7362167542,30,30,9.52133347566,0.418313983477,0.0763733349568,9.36513246714,9.67753448418
54,50,90.0,90.0,30,30,99.2182666667,0.0637229636156,0.0116341682011,99.194472121,99.2420612123,30,30,95.49,0.802302720407,0.146479765972,95.1904152407,95.7895847593,30,30,15.7271426803,0.373568330274,0.0682039337536,15.5876499732,15.8666353873
166,10,70.0,80.0,30,30,99.5181333333,0.101647034095,0.0185581244924,99.480177707,99.5560889596,30,30,99.72,0.1788854382,0.0326598632371,99.6532030796,99.7867969204,30,30,3.25892135963,0.658679885226,0.120257943771,3.01296624833,3.50487647094
167,10,70.0,90.0,30,30,99.5026,0.133816291983,0.0244314005602,99.4526321754,99.5525678246,30,30,95.79,0.609324102649,0.111246851951,95.5624746408,96.0175253592,30,30,6.50347188549,1.49579167953,0.273092948069,5.94493409304,7.06200967794
168,10,80.0,70.0,30,30,99.7356666667,0.0457943930714,0.00836087403083,99.7185667593,99.7527665741,30,30,99.9866666667,0.0345745903642,0.00631242768632,99.9737563024,99.9995770309,30,30,1.67500950283,0.22445331254,0.0409793807949,1.59119725851,1.75882174715
169,10,80.0,90.0,30,30,99.7302666667,0.0401848601902,0.00733671813212,99.7152613933,99.7452719401,30,30,95.77,0.618758490015,0.112969327543,95.5389517827,96.0010482173,30,30,4.78961390351,0.459733960055,0.0839355534577,4.61794642155,4.96128138547
170,10,90.0,70.0,30,30,99.8165333333,0.0427274710416,0.00780093323821,99.8005786334,99.8324880332,30,30,99.98,0.0406838102172,0.00742781352708,99.9648084156,99.9951915844,30,30,1.46319033951,0.15417097359,0.0281476399826,1.40562195186,1.52075872715
171,10,90.0,80.0,30,30,99.8246666667,0.0321733808727,0.0058740288184,99.8126529288,99.8366804045,30,30,99.7366666667,0.167091412795,0.0305065786511,99.6742737077,99.7990596256,30,30,2.11237370216,0.183205182893,0.0334485371074,2.04396376258,2.18078364173
178,30,70.0,80.0,30,30,98.8539333333,0.17435950442,0.0318335445621,98.7888264244,98.9190402423,30,30,99.6566666667,0.206252830005,0.0376564425143,99.5796505942,99.7336827391,30,30,7.48165341124,0.861781325383,0.15733902385,7.1598589758,7.80344784668
179,30,70.0,90.0,30,30,98.7634,0.179442931087,0.0327616470471,98.6963949083,98.8304050917,30,30,95.8633333333,0.687064386549,0.125440220991,95.606779275,96.1198873916,30,30,14.653599077,1.49223047117,0.272442763352,14.0963910616,15.2108070924
180,30,80.0,70.0,30,30,99.2712,0.0809761139749,0.0147841480811,99.2409630221,99.3014369779,30,30,99.98,0.0406838102172,0.00742781352708,99.9648084156,99.9951915844,30,30,4.30065201867,0.28794792504,0.0525718579771,4.19313049639,4.40817354094
181,30,80.0,90.0,30,30,99.2619333333,0.0644413303515,0.0117653234231,99.2378705451,99.2859961215,30,30,95.5866666667,0.582937468305,0.106429333669,95.3689942387,95.8043390947,30,30,12.1827460828,0.673005610395,0.12287345138,11.9314416578,12.4340505077
182,30,90.0,70.0,30,30,99.4931333333,0.0511864295953,0.00934532070916,99.4740200064,99.5122466603,30,30,99.9933333333,0.0253708131702,0.00463205555853,99.983859716,100.002806951,30,30,3.84031281869,0.154415999801,0.0281923754437,3.78265293675,3.89797270063
183,30,90.0,80.0,30,30,99.49,0.0583047877611,0.0106449491558,99.4682286344,99.5117713656,30,30,99.7133333333,0.150248835748,0.0274315588594,99.657229496,99.7694371706,30,30,5.7319371339,0.268321593668,0.0489885965058,5.6317442042,5.8321300636
190,50,70.0,80.0,30,30,98.2679333333,0.153402318315,0.0280073033715,98.2106519663,98.3252147004,30,30,99.64,0.206113460552,0.0376309972499,99.563035969,99.716964031,30,30,10.7361696098,0.629924235753,0.11500790448,10.5009520345,10.9713871851
191,50,70.0,90.0,30,30,98.2874666667,0.152793693076,0.027896184114,98.230412564,98.3445207693,30,30,95.2433333333,0.683138463944,0.124723448867,94.9882452386,95.498421428,30,30,19.3354391236,1.21915521923,0.222586271557,18.8801990831,19.7906791642
192,50,80.0,70.0,30,30,98.8448666667,0.11471906715,0.0209447402847,98.802029863,98.8877034703,30,30,99.98,0.0406838102172,0.00742781352708,99.9648084156,99.9951915844,30,30,6.51113391451,0.279288200421,0.0509908158052,6.40684598655,6.61542184247
193,50,80.0,90.0,30,30,98.844,0.0945129073469,0.0172556171098,98.8087083004,98.8792916996,30,30,95.56,0.716601173164,0.130832875759,95.2924167243,95.8275832757,30,30,17.2728318935,0.67292458269,0.122858657813,17.0215577247,17.5241060622
194,50,90.0,70.0,30,30,99.1788666667,0.0802731257187,0.0146558005725,99.1488921889,99.2088411444,30,30,99.98,0.0484234198111,0.00884086644737,99.9619183979,99.9980816021,30,30,5.90257210729,0.175305966388,0.0320063440854,5.83711178363,5.96803243095
195,50,90.0,80.0,30,30,99.2028,0.0668226680515,0.0122000942148,99.1778480057,99.2277519943,30,30,99.6533333333,0.192503172089,0.0351461099148,99.5814514675,99.7252151991,30,30,8.63568836685,0.290094222931,0.0529637165671,8.52736540377,8.74401132993
