comparison_id,outcome,family,actor,p0,expected_sign,path,primary_hypothesis,contrast_unit,interval_method,paired_runs,unique_conditions,n_min,combined_weights,estimate,se,df,ci_low,ci_high,ci_status,interval_direction
topology_none_ER_minus_BA_p10,E_mean,topology,none,10,unspecified,,False,percentage_points,independent_condition_weighted_Welch,False,2,30,"{""1"":-1.0,""70"":1.0}",4.44293333333,0.175724645277,52.1613393806,4.0903419945,4.79552467217,estimated,positive
topology_none_ER_minus_BA_p10,O_final,topology,none,10,unspecified,,False,percentage_points,independent_condition_weighted_Welch,False,2,30,"{""1"":-1.0,""70"":1.0}",0,0,inf,0,0,zero_sample_variance,includes_zero
topology_none_ER_minus_BA_p10,E_final,topology,none,10,unspecified,,False,percentage_points,independent_condition_weighted_Welch,False,2,30,"{""1"":-1.0,""70"":1.0}",1.80666666667,0.0787595399561,29.1040773828,1.6456103383,1.96772299503,estimated,positive
topology_none_ER_minus_BA_p10,PR_final,topology,none,10,unspecified,,False,percentage_points,independent_condition_weighted_Welch,False,2,0,"{""1"":-1.0,""70"":1.0}",NA,NA,NA,NA,NA,undefined_no_valid_runs_in_required_cell,undefined
topology_none_WS_minus_BA_p10,E_mean,topology,none,10,unspecified,,False,percentage_points,independent_condition_weighted_Welch,False,2,30,"{""1"":-1.0,""71"":1.0}",6.85973333333,0.19116838258,48.6734223589,6.47550087602,7.24396579065,estimated,positive
topology_none_WS_minus_BA_p10,O_final,topology,none,10,unspecified,,False,percentage_points,independent_condition_weighted_Welch,False,2,30,"{""1"":-1.0,""71"":1.0}",0,0,inf,0,0,zero_sample_variance,includes_zero
topology_none_WS_minus_BA_p10,E_final,topology,none,10,unspecified,,False,percentage_points,independent_condition_weighted_Welch,False,2,30,"{""1"":-1.0,""71"":1.0}",0.02,0.0108983460378,34.922683642,-0.00212656982209,0.0421265698221,estimated,includes_zero
topology_none_WS_minus_BA_p10,PR_final,topology,none,10,unspecified,,False,percentage_points,independent_condition_weighted_Welch,False,2,0,"{""1"":-1.0,""71"":1.0}",NA,NA,NA,NA,NA,undefined_no_valid_runs_in_required_cell,undefined
topology_legal_ER_minus_BA_p10,E_mean,topology,legal,10,unspecified,,False,percentage_points,independent_condition_weighted_Welch,False,2,30,"{""8"":-1.0,""72"":1.0}",13.8229333333,0.326963983863,57.9894479042,13.1684412745,14.4774253922,estimated,positive
topology_legal_ER_minus_BA_p10,O_final,topology,legal,10,unspecified,,False,percentage_points,independent_condition_weighted_Welch,False,2,30,"{""8"":-1.0,""72"":1.0}",7.33666666667,0.345648926046,52.925698363,6.64335999641,8.02997333693,estimated,positive
topology_legal_ER_minus_BA_p10,E_final,topology,legal,10,unspecified,,False,percentage_points,independent_condition_weighted_Welch,False,2,30,"{""8"":-1.0,""72"":1.0}",25.9833333333,0.753094510003,57.8380256619,24.4757609953,27.4909056714,estimated,positive
topology_legal_ER_minus_BA_p10,PR_final,topology,legal,10,unspecified,,False,percentage_points,independent_condition_weighted_Welch,False,2,30,"{""8"":-1.0,""72"":1.0}",-21.1942649919,0.627199967785,30.7031695054,-22.4739491861,-19.9145807976,estimated,negative
topology_legal_WS_minus_BA_p10,E_mean,topology,legal,10,unspecified,,False,percentage_points,independent_condition_weighted_Welch,False,2,30,"{""8"":-1.0,""73"":1.0}",10.5012,0.386791109583,53.9004071483,9.72569769869,11.2767023013,estimated,positive
topology_legal_WS_minus_BA_p10,O_final,topology,legal,10,unspecified,,False,percentage_points,independent_condition_weighted_Welch,False,2,30,"{""8"":-1.0,""73"":1.0}",7.03,0.329772358498,54.8021051021,6.36906777977,7.69093222023,estimated,positive
topology_legal_WS_minus_BA_p10,E_final,topology,legal,10,unspecified,,False,percentage_points,independent_condition_weighted_Welch,False,2,30,"{""8"":-1.0,""73"":1.0}",20.1633333333,0.816559692736,55.8875500573,18.5274950742,21.7991715925,estimated,positive
topology_legal_WS_minus_BA_p10,PR_final,topology,legal,10,unspecified,,False,percentage_points,independent_condition_weighted_Welch,False,2,30,"{""8"":-1.0,""73"":1.0}",-15.744658508,0.577176794262,31.0212187847,-16.9217857067,-14.5675313093,estimated,negative
topology_platform_ER_minus_BA_p10,E_mean,topology,platform,10,unspecified,,False,percentage_points,independent_condition_weighted_Welch,False,2,30,"{""35"":-1.0,""74"":1.0}",-2.75833333333,0.117110546721,29.3983264296,-2.99771040866,-2.51895625801,estimated,negative
topology_platform_ER_minus_BA_p10,O_final,topology,platform,10,unspecified,,False,percentage_points,independent_condition_weighted_Welch,False,2,30,"{""35"":-1.0,""74"":1.0}",-21.5933333333,0.448354163512,29.3649711144,-22.5098257625,-20.6768409041,estimated,negative
topology_platform_ER_minus_BA_p10,E_final,topology,platform,10,unspecified,,False,percentage_points,independent_condition_weighted_Welch,False,2,30,"{""35"":-1.0,""74"":1.0}",-3.02333333333,0.146662748119,29,-3.32329233318,-2.72337433348,estimated,negative
topology_platform_ER_minus_BA_p10,PR_final,topology,platform,10,unspecified,,False,percentage_points,independent_condition_weighted_Welch,False,2,30,"{""35"":-1.0,""74"":1.0}",1.78225379778,0.131862659207,42.0898621767,1.516161009,2.04834658656,estimated,positive
topology_platform_WS_minus_BA_p10,E_mean,topology,platform,10,unspecified,,False,percentage_points,independent_condition_weighted_Welch,False,2,30,"{""35"":-1.0,""75"":1.0}",-2.96813333333,0.114403941202,29.4175321977,-3.20197149696,-2.73429516971,estimated,negative
topology_platform_WS_minus_BA_p10,O_final,topology,platform,10,unspecified,,False,percentage_points,independent_condition_weighted_Welch,False,2,30,"{""35"":-1.0,""75"":1.0}",-15.4066666667,0.182710540918,31.266062462,-15.7791787892,-15.0341545441,estimated,negative
topology_platform_WS_minus_BA_p10,E_final,topology,platform,10,unspecified,,False,percentage_points,independent_condition_weighted_Welch,False,2,30,"{""35"":-1.0,""75"":1.0}",-3.48,0.149666295471,29,-3.78610194393,-3.17389805607,estimated,negative
topology_platform_WS_minus_BA_p10,PR_final,topology,platform,10,unspecified,,False,percentage_points,independent_condition_weighted_Welch,False,2,30,"{""35"":-1.0,""75"":1.0}",3.88740527536,0.139092824692,40.6308944131,3.60642409948,4.16838645123,estimated,positive
topology_none_ER_minus_BA_p30,E_mean,topology,none,30,unspecified,,False,percentage_points,independent_condition_weighted_Welch,False,2,30,"{""2"":-1.0,""76"":1.0}",1.79146666667,0.137203597911,44.3121945751,1.51500599799,2.06792733535,estimated,positive
topology_none_ER_minus_BA_p30,O_final,topology,none,30,unspecified,,False,percentage_points,independent_condition_weighted_Welch,False,2,30,"{""2"":-1.0,""76"":1.0}",0,0,inf,0,0,zero_sample_variance,includes_zero
topology_none_ER_minus_BA_p30,E_final,topology,none,30,unspecified,,False,percentage_points,independent_condition_weighted_Welch,False,2,30,"{""2"":-1.0,""76"":1.0}",1.42,0.0854198555614,29,1.24529677938,1.59470322062,estimated,positive
topology_none_ER_minus_BA_p30,PR_final,topology,none,30,unspecified,,False,percentage_points,independent_condition_weighted_Welch,False,2,0,"{""2"":-1.0,""76"":1.0}",NA,NA,NA,NA,NA,undefined_no_valid_runs_in_required_cell,undefined
topology_none_WS_minus_BA_p30,E_mean,topology,none,30,unspecified,,False,percentage_points,independent_condition_weighted_Welch,False,2,30,"{""2"":-1.0,""77"":1.0}",0.527066666667,0.108577915947,53.4811640109,0.309332675744,0.744800657589,estimated,positive
topology_none_WS_minus_BA_p30,O_final,topology,none,30,unspecified,,False,percentage_points,independent_condition_weighted_Welch,False,2,30,"{""2"":-1.0,""77"":1.0}",0,0,inf,0,0,zero_sample_variance,includes_zero
topology_none_WS_minus_BA_p30,E_final,topology,none,30,unspecified,,False,percentage_points,independent_condition_weighted_Welch,False,2,30,"{""2"":-1.0,""77"":1.0}",0,0,inf,0,0,zero_sample_variance,includes_zero
topology_none_WS_minus_BA_p30,PR_final,topology,none,30,unspecified,,False,percentage_points,independent_condition_weighted_Welch,False,2,0,"{""2"":-1.0,""77"":1.0}",NA,NA,NA,NA,NA,undefined_no_valid_runs_in_required_cell,undefined
topology_legal_ER_minus_BA_p30,E_mean,topology,legal,30,unspecified,,False,percentage_points,independent_condition_weighted_Welch,False,2,30,"{""17"":-1.0,""78"":1.0}",6.11526666667,0.325878421492,54.2358015755,5.461984818,6.76854851533,estimated,positive
topology_legal_ER_minus_BA_p30,O_final,topology,legal,30,unspecified,,False,percentage_points,independent_condition_weighted_Welch,False,2,30,"{""17"":-1.0,""78"":1.0}",5.23666666667,0.351531406139,45.5431651867,4.52887905934,5.944454274,estimated,positive
topology_legal_ER_minus_BA_p30,E_final,topology,legal,30,unspecified,,False,percentage_points,independent_condition_weighted_Welch,False,2,30,"{""17"":-1.0,""78"":1.0}",10.6333333333,0.713915328163,56.6726785334,9.20356358104,12.0631030856,estimated,positive
topology_legal_ER_minus_BA_p30,PR_final,topology,legal,30,unspecified,,False,percentage_points,independent_condition_weighted_Welch,False,2,30,"{""17"":-1.0,""78"":1.0}",-6.45710910823,0.285474892138,32.1144560557,-7.03852116657,-5.87569704989,estimated,negative
topology_legal_WS_minus_BA_p30,E_mean,topology,legal,30,unspecified,,False,percentage_points,independent_condition_weighted_Welch,False,2,30,"{""17"":-1.0,""79"":1.0}",2.5908,0.388861731772,47.0389925098,1.80852821746,3.37307178254,estimated,positive
topology_legal_WS_minus_BA_p30,O_final,topology,legal,30,unspecified,,False,percentage_points,independent_condition_weighted_Welch,False,2,30,"{""17"":-1.0,""79"":1.0}",4.49666666667,0.317949006731,49.4118826466,3.85785890767,5.13547442566,estimated,positive
topology_legal_WS_minus_BA_p30,E_final,topology,legal,30,unspecified,,False,percentage_points,independent_condition_weighted_Welch,False,2,30,"{""17"":-1.0,""79"":1.0}",5.43333333333,0.805382277572,52.1636524021,3.81733623568,7.04933043098,estimated,positive
topology_legal_WS_minus_BA_p30,PR_final,topology,legal,30,unspecified,,False,percentage_points,independent_condition_weighted_Welch,False,2,30,"{""17"":-1.0,""79"":1.0}",-4.72866909872,0.233650668657,33.7574170149,-5.20363010419,-4.25370809325,estimated,negative
topology_platform_ER_minus_BA_p30,E_mean,topology,platform,30,unspecified,,False,percentage_points,independent_condition_weighted_Welch,False,2,30,"{""44"":-1.0,""80"":1.0}",-7.8576,0.246805711044,29.2462180638,-8.36218983166,-7.35301016834,estimated,negative
topology_platform_ER_minus_BA_p30,O_final,topology,platform,30,unspecified,,False,percentage_points,independent_condition_weighted_Welch,False,2,30,"{""44"":-1.0,""80"":1.0}",-22.05,0.403610619988,29.3601620906,-22.87503678,-21.22496322,estimated,negative
topology_platform_ER_minus_BA_p30,E_final,topology,platform,30,unspecified,,False,percentage_points,independent_condition_weighted_Welch,False,2,30,"{""44"":-1.0,""80"":1.0}",-8.38666666667,0.355215114794,29,-9.11316314878,-7.66017018456,estimated,negative
topology_platform_ER_minus_BA_p30,PR_final,topology,platform,30,unspecified,,False,percentage_points,independent_condition_weighted_Welch,False,2,30,"{""44"":-1.0,""80"":1.0}",4.80902778091,0.25428602865,36.8192169569,4.2937099397,5.32434562212,estimated,positive
topology_platform_WS_minus_BA_p30,E_mean,topology,platform,30,unspecified,,False,percentage_points,independent_condition_weighted_Welch,False,2,30,"{""44"":-1.0,""81"":1.0}",-7.74326666667,0.175308291118,29.4900230623,-8.10155377056,-7.38497956278,estimated,negative
topology_platform_WS_minus_BA_p30,O_final,topology,platform,30,unspecified,,False,percentage_points,independent_condition_weighted_Welch,False,2,30,"{""44"":-1.0,""81"":1.0}",-15.44,0.226896435268,30.1547520103,-15.9032846402,-14.9767153598,estimated,negative
topology_platform_WS_minus_BA_p30,E_final,topology,platform,30,unspecified,,False,percentage_points,independent_condition_weighted_Welch,False,2,30,"{""44"":-1.0,""81"":1.0}",-8.81,0.17507633803,29,-9.16807131617,-8.45192868383,estimated,negative
topology_platform_WS_minus_BA_p30,PR_final,topology,platform,30,unspecified,,False,percentage_points,independent_condition_weighted_Welch,False,2,30,"{""44"":-1.0,""81"":1.0}",9.11870029054,0.238564463563,37.9963321347,8.6357502518,9.60165032928,estimated,positive
topology_none_ER_minus_BA_p50,E_mean,topology,none,50,unspecified,,False,percentage_points,independent_condition_weighted_Welch,False,2,30,"{""3"":-1.0,""82"":1.0}",0.8166,0.0935733408346,38.4859589179,0.627249192916,1.00595080708,estimated,positive
topology_none_ER_minus_BA_p50,O_final,topology,none,50,unspecified,,False,percentage_points,independent_condition_weighted_Welch,False,2,30,"{""3"":-1.0,""82"":1.0}",0,0,inf,0,0,zero_sample_variance,includes_zero
topology_none_ER_minus_BA_p50,E_final,topology,none,50,unspecified,,False,percentage_points,independent_condition_weighted_Welch,False,2,30,"{""3"":-1.0,""82"":1.0}",0.97,0.0544882144802,29,0.858559088598,1.0814409114,estimated,positive
topology_none_ER_minus_BA_p50,PR_final,topology,none,50,unspecified,,False,percentage_points,independent_condition_weighted_Welch,False,2,0,"{""3"":-1.0,""82"":1.0}",NA,NA,NA,NA,NA,undefined_no_valid_runs_in_required_cell,undefined
topology_none_WS_minus_BA_p50,E_mean,topology,none,50,unspecified,,False,percentage_points,independent_condition_weighted_Welch,False,2,30,"{""3"":-1.0,""83"":1.0}",-0.580266666667,0.0485930824587,57.7355037656,-0.677545777917,-0.482987555416,estimated,negative
topology_none_WS_minus_BA_p50,O_final,topology,none,50,unspecified,,False,percentage_points,independent_condition_weighted_Welch,False,2,30,"{""3"":-1.0,""83"":1.0}",0,0,inf,0,0,zero_sample_variance,includes_zero
topology_none_WS_minus_BA_p50,E_final,topology,none,50,unspecified,,False,percentage_points,independent_condition_weighted_Welch,False,2,30,"{""3"":-1.0,""83"":1.0}",0,0,inf,0,0,zero_sample_variance,includes_zero
topology_none_WS_minus_BA_p50,PR_final,topology,none,50,unspecified,,False,percentage_points,independent_condition_weighted_Welch,False,2,0,"{""3"":-1.0,""83"":1.0}",NA,NA,NA,NA,NA,undefined_no_valid_runs_in_required_cell,undefined
topology_legal_ER_minus_BA_p50,E_mean,topology,legal,50,unspecified,,False,percentage_points,independent_condition_weighted_Welch,False,2,30,"{""26"":-1.0,""84"":1.0}",1.25733333333,0.282576086658,55.9515269632,0.691254588143,1.82341207852,estimated,positive
topology_legal_ER_minus_BA_p50,O_final,topology,legal,50,unspecified,,False,percentage_points,independent_condition_weighted_Welch,False,2,30,"{""26"":-1.0,""84"":1.0}",4.5,0.327870173353,56.767596854,3.84339304506,5.15660695494,estimated,positive
topology_legal_ER_minus_BA_p50,E_final,topology,legal,50,unspecified,,False,percentage_points,independent_condition_weighted_Welch,False,2,30,"{""26"":-1.0,""84"":1.0}",3.09333333333,0.599136031861,50.9259941083,1.89047511814,4.29619154853,estimated,positive
topology_legal_ER_minus_BA_p50,PR_final,topology,legal,50,unspecified,,False,percentage_points,independent_condition_weighted_Welch,False,2,30,"{""26"":-1.0,""84"":1.0}",-3.79994055488,0.14857947791,53.5992216265,-4.09787549311,-3.50200561665,estimated,negative
topology_legal_WS_minus_BA_p50,E_mean,topology,legal,50,unspecified,,False,percentage_points,independent_condition_weighted_Welch,False,2,30,"{""26"":-1.0,""85"":1.0}",-1.33253333333,0.337553576278,56.4605389898,-2.008612707,-0.656453959667,estimated,negative
topology_legal_WS_minus_BA_p50,O_final,topology,legal,50,unspecified,,False,percentage_points,independent_condition_weighted_Welch,False,2,30,"{""26"":-1.0,""85"":1.0}",3.20333333333,0.33295208082,57.2740300514,2.5366774194,3.86998924727,estimated,positive
topology_legal_WS_minus_BA_p50,E_final,topology,legal,50,unspecified,,False,percentage_points,independent_condition_weighted_Welch,False,2,30,"{""26"":-1.0,""85"":1.0}",0.636666666667,0.712899481342,57.946277337,-0.790384858704,2.06371819204,estimated,includes_zero
topology_legal_WS_minus_BA_p50,PR_final,topology,legal,50,unspecified,,False,percentage_points,independent_condition_weighted_Welch,False,2,30,"{""26"":-1.0,""85"":1.0}",-2.39650652167,0.144268415085,54.7594896667,-2.68565543162,-2.10735761171,estimated,negative
topology_platform_ER_minus_BA_p50,E_mean,topology,platform,50,unspecified,,False,percentage_points,independent_condition_weighted_Welch,False,2,30,"{""53"":-1.0,""86"":1.0}",-11.6324,0.446712997083,29.0769068468,-12.5459257094,-10.7188742906,estimated,negative
topology_platform_ER_minus_BA_p50,O_final,topology,platform,50,unspecified,,False,percentage_points,independent_condition_weighted_Welch,False,2,30,"{""53"":-1.0,""86"":1.0}",-21.9333333333,0.425341872865,29.2151337723,-22.8029769723,-21.0636896943,estimated,negative
topology_platform_ER_minus_BA_p50,E_final,topology,platform,50,unspecified,,False,percentage_points,independent_condition_weighted_Welch,False,2,30,"{""53"":-1.0,""86"":1.0}",-12.2066666667,0.654883219094,29,-13.5460532385,-10.8672800948,estimated,negative
topology_platform_ER_minus_BA_p50,PR_final,topology,platform,50,unspecified,,False,percentage_points,independent_condition_weighted_Welch,False,2,30,"{""53"":-1.0,""86"":1.0}",6.6519548248,0.349303773332,31.9045973292,5.94036287085,7.36354677875,estimated,positive
topology_platform_WS_minus_BA_p50,E_mean,topology,platform,50,unspecified,,False,percentage_points,independent_condition_weighted_Welch,False,2,30,"{""53"":-1.0,""87"":1.0}",-10.9525333333,0.210298073442,29.3486293441,-11.3824193684,-10.5226472982,estimated,negative
topology_platform_WS_minus_BA_p50,O_final,topology,platform,50,unspecified,,False,percentage_points,independent_condition_weighted_Welch,False,2,30,"{""53"":-1.0,""87"":1.0}",-15.3733333333,0.170828497268,30.3592183113,-15.7220386472,-15.0246280195,estimated,negative
topology_platform_WS_minus_BA_p50,E_final,topology,platform,50,unspecified,,False,percentage_points,independent_condition_weighted_Welch,False,2,30,"{""53"":-1.0,""87"":1.0}",-12.2266666667,0.232425162017,29,-12.7020294976,-11.7513038357,estimated,negative
topology_platform_WS_minus_BA_p50,PR_final,topology,platform,50,unspecified,,False,percentage_points,independent_condition_weighted_Welch,False,2,30,"{""53"":-1.0,""87"":1.0}",12.2873090748,0.257053527484,34.5634997867,11.7652269822,12.8093911675,estimated,positive
