condition_id,p0,legal-tpr,legal-tnr,E_mean_n,E_mean_n_total,E_mean_mean,E_mean_sd,E_mean_se,E_mean_ci_low,E_mean_ci_high,O_final_n,O_final_n_total,O_final_mean,O_final_sd,O_final_se,O_final_ci_low,O_final_ci_high,PR_final_n,PR_final_n_total,PR_final_mean,PR_final_sd,PR_final_se,PR_final_ci_low,PR_final_ci_high
8,10,95.0,95.0,30,30,77.8622666667,1.27483848695,0.232752598827,77.3862341523,78.3382991811,30,30,18.3933333333,1.11229285815,0.203075962987,17.9779963542,18.8086703124,30,30,92.9361321924,0.580469006252,0.105978656219,92.7193815032,93.1528828815
17,30,95.0,95.0,30,30,73.5906,1.08318650605,0.19776189445,73.1861315114,73.9950684886,30,30,16.1833333333,0.940316650017,0.171677546804,15.8322133257,16.5344533409,30,30,94.7395262597,0.353463387424,0.0645332901815,94.6075408618,94.8715116577
26,50,95.0,95.0,30,30,71.2571333333,1.19453579884,0.218091400924,70.8110863355,71.7031803312,30,30,14.54,1.36017240287,0.248332369049,14.0321032777,15.0478967223,30,30,95.6748912757,0.48605926055,0.0887418737624,95.493393765,95.8563887864
64,10,90.0,90.0,30,30,72.5451333333,1.38119894777,0.252171273366,72.0293851702,73.0608814965,30,30,30.04,1.64622870997,0.30055886642,29.4252880972,30.6547119028,30,30,88.8447256393,0.860495948863,0.157104347278,88.5234111713,89.1660401072
65,10,100.0,100.0,30,30,83.5231333333,2.1480311873,0.392175045169,82.721045306,84.3252213606,30,30,0.0,0.0,0.0,0.0,0.0,30,30,100.0,0.0,0.0,100.0,100.0
66,30,90.0,90.0,30,30,68.1484,1.13619879271,0.207440569525,67.7241363982,68.5726636018,30,30,26.44,1.48848453364,0.271758851858,25.8841907407,26.9958092593,30,30,91.4208425006,0.70159701882,0.128093504495,91.1588618682,91.6828231329
67,30,100.0,100.0,30,30,79.2984666667,1.31141804622,0.239431082078,78.8087751204,79.788158213,30,30,0.0,0.0,0.0,0.0,0.0,30,30,100.0,0.0,0.0,100.0,100.0
68,50,90.0,90.0,30,30,66.2987333333,1.17843338241,0.215151515355,65.8586990766,66.7387675901,30,30,24.3033333333,1.75744393805,0.320863896141,23.6470929819,24.9595736848,30,30,92.664610849,0.621376863442,0.11344737494,92.4325849149,92.896636783
69,50,100.0,100.0,30,30,76.8311333333,1.16044232748,0.211866813148,76.3978170469,77.2644496198,30,30,0.0,0.0,0.0,0.0,0.0,30,30,100.0,0.0,0.0,100.0,100.0
142,10,90.0,95.0,30,30,72.5501333333,1.33610787643,0.243938807728,72.0512224529,73.0490442138,30,30,16.7266666667,0.951200088938,0.173664581804,16.3714827162,17.0818506172,30,30,93.9962142404,0.538295475495,0.0982788581772,93.7952114065,94.1972170743
143,10,90.0,100.0,30,30,72.5971333333,1.58754329256,0.289844424117,72.0043349255,73.1899317411,30,30,0.0,0.0,0.0,0.0,0.0,30,30,100.0,0.0,0.0,100.0,100.0
144,10,95.0,90.0,30,30,77.9023333333,1.7411847004,0.317895379065,77.252164281,78.5525023857,30,30,33.4133333333,1.6279314849,0.297218265452,32.8054537266,34.02121294,30,30,86.5006513216,1.37452936947,0.250953580538,85.9873936199,87.0139090233
145,10,95.0,100.0,30,30,78.0708666667,1.53623019857,0.280475977759,77.497228883,78.6445044503,30,30,0.0,0.0,0.0,0.0,0.0,30,30,100.0,0.0,0.0,100.0,100.0
146,10,100.0,90.0,30,30,83.251,1.49263846467,0.272517252433,82.6936396373,83.8083603627,30,30,35.76,1.79455113973,0.327638713275,35.0899035917,36.4300964083,30,30,83.7841374852,1.45176139942,0.265054155525,83.2420408695,84.3262341008
147,10,100.0,95.0,30,30,83.3624666667,1.44015877318,0.262935815486,82.8247025429,83.9002307905,30,30,20.4933333333,1.31567036363,0.240207445468,20.0020539456,20.9846127211,30,30,90.9882061165,1.05051282068,0.191796522946,90.5959381825,91.3804740505
148,30,90.0,95.0,30,30,68.5921333333,1.3469264049,0.245913991755,68.089182748,69.0950839187,30,30,14.5266666667,0.9055131269,0.165323321907,14.1885425082,14.8647908252,30,30,95.5091543655,0.334379657276,0.061049093687,95.3842949495,95.6340137815
149,30,90.0,100.0,30,30,68.4704666667,1.26984991601,0.231841814549,67.9962969153,68.9446364181,30,30,0.0,0.0,0.0,0.0,0.0,30,30,100.0,0.0,0.0,100.0,100.0
150,30,95.0,90.0,30,30,73.7532,1.5910894641,0.290491863498,73.15907743,74.34732257,30,30,29.4166666667,1.89046305828,0.345149753716,28.7107561594,30.1225771739,30,30,89.8883403267,0.958986098889,0.175086106232,89.5302490323,90.2464316211
151,30,95.0,100.0,30,30,73.8143333333,1.29607961477,0.236630680444,73.3303692515,74.2982974152,30,30,0.0,0.0,0.0,0.0,0.0,30,30,100.0,0.0,0.0,100.0,100.0
152,30,100.0,90.0,30,30,79.532,1.47576075063,0.269435817534,78.9809418793,80.0830581207,30,30,32.48,1.82745347599,0.33364583053,31.7976176574,33.1623823426,30,30,87.78076898,1.03800533831,0.189512979535,87.3931714167,88.1683665433
153,30,100.0,95.0,30,30,78.9894,1.54297859283,0.281708060347,78.4132423246,79.5655576754,30,30,18.0166666667,1.30966785295,0.239111541967,17.5276286533,18.5057046801,30,30,93.5971021241,0.740557613046,0.135206703266,93.3205733667,93.8736308814
154,50,90.0,95.0,30,30,65.8711333333,1.2376928128,0.22597075761,65.4089712416,66.3332954251,30,30,13.0733333333,0.9055131269,0.165323321907,12.7352091748,13.4114574918,30,30,96.2677724051,0.313389595163,0.0572168501861,96.150750807,96.3847940031
155,50,90.0,100.0,30,30,66.0922,1.12063237689,0.204598543831,65.6737489934,66.5106510066,30,30,0.0,0.0,0.0,0.0,0.0,30,30,100.0,0.0,0.0,100.0,100.0
156,50,95.0,90.0,30,30,71.7905333333,1.51561481171,0.276712140287,71.2245934617,72.356473205,30,30,27.4933333333,1.61756166718,0.295325004423,26.8893258802,28.0973407864,30,30,91.2064584586,0.848444065691,0.15490398452,90.8896442378,91.5232726794
157,50,95.0,100.0,30,30,71.1193333333,1.340601752,0.244759273401,70.6187444122,71.6199222545,30,30,0.0,0.0,0.0,0.0,0.0,30,30,100.0,0.0,0.0,100.0,100.0
158,50,100.0,90.0,30,30,76.4287333333,1.35312516773,0.247045725831,75.9234680919,76.9339985748,30,30,29.36,1.27457903801,0.232705230147,28.8840643654,29.8359356346,30,30,90.2528729705,0.741291709798,0.135340730383,89.9760700969,90.529675844
159,50,100.0,95.0,30,30,76.5800666667,1.18274531416,0.215938762782,76.1384223081,77.0217110252,30,30,16.2933333333,1.07476808511,0.196224908101,15.8920083348,16.6946583319,30,30,94.8585284047,0.405380092903,0.0740119404155,94.7071569903,95.0098998191
