condition_id,p0,targeting-mode,platform-speed,E_mean_n,E_mean_n_total,E_mean_mean,E_mean_sd,E_mean_se,E_mean_ci_low,E_mean_ci_high,O_final_n,O_final_n_total,O_final_mean,O_final_sd,O_final_se,O_final_ci_low,O_final_ci_high
35,10,targeted,75.0,30,30,99.7270666667,0.0529768546295,0.00967220610209,99.707284784,99.7468485493,30,30,99.7433333333,0.194197434788,0.0354554385476,99.6708188194,99.8158478472
44,30,targeted,75.0,30,30,99.2635333333,0.0878912860352,0.0160466799899,99.2307141878,99.2963524789,30,30,99.6533333333,0.173668994182,0.0317074752176,99.5884842651,99.7181824015
53,50,targeted,75.0,30,30,98.8440666667,0.089036967655,0.0162558518788,98.8108197165,98.8773136168,30,30,99.6833333333,0.141624402079,0.025856959904,99.6304499125,99.7362167542
59,10,random,75.0,30,30,99.6292,0.103041471397,0.0188127127475,99.5907236822,99.6676763178,30,30,99.9433333333,0.0817200154157,0.0149199652809,99.9128185781,99.9738480886
61,30,random,75.0,30,30,99.1479333333,0.187101656553,0.0341599326136,99.0780684266,99.2177982401,30,30,99.9566666667,0.0678910553924,0.0123951541638,99.93131573,99.9820176034
63,50,random,75.0,30,30,98.7955333333,0.150625988813,0.027500417273,98.7392886648,98.8517780019,30,30,99.9466666667,0.073029674334,0.0133333333333,99.9193969381,99.9739363952
112,10,targeted,5.0,30,30,28.9194,1.5235478694,0.278160511836,28.3504978759,29.4883021241,30,30,4.70333333333,0.257953929772,0.0470957287112,4.60701175296,4.79965491371
113,10,targeted,10.0,30,30,40.9354666667,1.94234603496,0.354622245943,40.2101827375,41.6607505958,30,30,10.4866666667,0.468845488358,0.0855990833195,10.3115968841,10.6617364492
114,10,targeted,20.0,30,30,62.4838,2.19297350331,0.400380351924,61.6649302361,63.3026697639,30,30,21.1433333333,1.1470151168,0.20941535109,20.7150308498,21.5716358169
115,10,random,5.0,30,30,25.4833333333,0.516143079156,0.0942344024514,25.2906023401,25.6760643265,30,30,10.47,1.13324374223,0.206901053591,10.0468398322,10.8931601678
116,10,random,10.0,30,30,37.4145333333,0.78950913311,0.144143987187,37.119725778,37.7093408887,30,30,26.5233333333,1.33640880936,0.243993750313,26.0243100827,27.022356584
117,10,random,20.0,30,30,58.2588666667,0.838285719267,0.153049332692,57.9458456347,58.5718876986,30,30,60.97,1.4460767376,0.264016283023,60.430026072,61.509973928
124,30,targeted,5.0,30,30,16.5154666667,0.675804283713,0.123384416883,16.2631171999,16.7678161335,30,30,4.27666666667,0.278769875844,0.0508961831176,4.17257228428,4.38076104905
125,30,targeted,10.0,30,30,25.8145333333,0.92173643227,0.168285278676,25.4703512931,26.1587153736,30,30,10.0133333333,0.365525916184,0.0667355965489,9.87684371309,10.1498229536
126,30,targeted,20.0,30,30,42.7492,1.6817531575,0.307044713506,42.1212230505,43.3771769495,30,30,20.3733333333,0.774121675072,0.141334634564,20.0842715493,20.6623951174
127,30,random,5.0,30,30,20.2158666667,0.439915958536,0.0803172979656,20.0515993481,20.3801339852,30,30,7.85333333333,0.724322910145,0.132242665601,7.58286671369,8.12379995298
128,30,random,10.0,30,30,32.919,0.617849607859,0.112803389123,32.6882911648,33.1497088352,30,30,22.3366666667,1.17663556991,0.2148232812,21.8973037241,22.7760296092
129,30,random,20.0,30,30,54.8335333333,0.704031089308,0.128537902933,54.5706438041,55.0964228625,30,30,57.3533333333,1.49821349552,0.273535109152,56.7938912199,57.9127754467
136,50,targeted,5.0,30,30,10.9564,0.461558200462,0.0842686126649,10.7840513355,11.1287486645,30,30,4.00666666667,0.341329382161,0.0623179340496,3.87921218071,4.13412115262
137,50,targeted,10.0,30,30,18.2524,0.593717313438,0.108397455117,18.0307023117,18.4740976883,30,30,9.67,0.386986589806,0.0706537615629,9.52549683252,9.81450316748
138,50,targeted,20.0,30,30,31.8754,0.95831449017,0.174963487817,31.5175594884,32.2332405116,30,30,20.07,0.644953887686,0.117751930945,19.8291702604,20.3108297396
139,50,random,5.0,30,30,17.7893333333,0.447387923421,0.081681485871,17.6222759372,17.9563907295,30,30,6.7,0.704174743203,0.128564130426,6.43705682954,6.96294317046
140,50,random,10.0,30,30,30.4564666667,0.394432174435,0.0720131331147,30.3091832722,30.6037500611,30,30,20.9366666667,1.26313330537,0.230615534828,20.4650049389,21.4083283944
141,50,random,20.0,30,30,52.7146666667,0.557420990742,0.101770683552,52.506522248,52.9228110854,30,30,54.8133333333,1.07598658283,0.19644737433,54.4115533402,55.2151133264
