"BehaviorSpace results (NetLogo 6.4.0)","Spreadsheet version 2.0"
"null"
"experiment_pollutionrate50_platformaccuracy80_speed75"
"04/22/2025 16:44:37:893 +0800"
"min-pxcor","max-pxcor","min-pycor","max-pycor"
"-16","16","-16","16"
"[run number]","1","1","1","1","1","1","1","2","2","2","2","2","2","2","3","3","3","3","3","3","3","4","4","4","4","4","4","4","5","5","5","5","5","5","5","6","6","6","6","6","6","6","7","7","7","7","7","7","7","8","8","8","8","8","8","8","9","9","9","9","9","9","9","10","10","10","10","10","10","10"
"num-nodes","1000",,,,,,,"1000",,,,,,,"1000",,,,,,,"1000",,,,,,,"1000",,,,,,,"1000",,,,,,,"1000",,,,,,,"1000",,,,,,,"1000",,,,,,,"1000",,,,,,
"pollution-level","50",,,,,,,"50",,,,,,,"50",,,,,,,"50",,,,,,,"50",,,,,,,"50",,,,,,,"50",,,,,,,"50",,,,,,,"50",,,,,,,"50",,,,,,
"treatment","platform",,,,,,,"platform",,,,,,,"platform",,,,,,,"platform",,,,,,,"platform",,,,,,,"platform",,,,,,,"platform",,,,,,,"platform",,,,,,,"platform",,,,,,,"platform",,,,,,
"legal-strength","60",,,,,,,"60",,,,,,,"60",,,,,,,"60",,,,,,,"60",,,,,,,"60",,,,,,,"60",,,,,,,"60",,,,,,,"60",,,,,,,"60",,,,,,
"legal-response-time","5",,,,,,,"5",,,,,,,"5",,,,,,,"5",,,,,,,"5",,,,,,,"5",,,,,,,"5",,,,,,,"5",,,,,,,"5",,,,,,,"5",,,,,,
"platform-accuracy","80",,,,,,,"80",,,,,,,"80",,,,,,,"80",,,,,,,"80",,,,,,,"80",,,,,,,"80",,,,,,,"80",,,,,,,"80",,,,,,,"80",,,,,,
"platform-speed","75",,,,,,,"75",,,,,,,"75",,,,,,,"75",,,,,,,"75",,,,,,,"75",,,,,,,"75",,,,,,,"75",,,,,,,"75",,,,,,,"75",,,,,,
"[reporter]","[step]","pollution-level","treatment","platform-accuracy","platform-speed","effectiveness","current-pollution-rate","[step]","pollution-level","treatment","platform-accuracy","platform-speed","effectiveness","current-pollution-rate","[step]","pollution-level","treatment","platform-accuracy","platform-speed","effectiveness","current-pollution-rate","[step]","pollution-level","treatment","platform-accuracy","platform-speed","effectiveness","current-pollution-rate","[step]","pollution-level","treatment","platform-accuracy","platform-speed","effectiveness","current-pollution-rate","[step]","pollution-level","treatment","platform-accuracy","platform-speed","effectiveness","current-pollution-rate","[step]","pollution-level","treatment","platform-accuracy","platform-speed","effectiveness","current-pollution-rate","[step]","pollution-level","treatment","platform-accuracy","platform-speed","effectiveness","current-pollution-rate","[step]","pollution-level","treatment","platform-accuracy","platform-speed","effectiveness","current-pollution-rate","[step]","pollution-level","treatment","platform-accuracy","platform-speed","effectiveness","current-pollution-rate"
"[final]","50","50","platform","80","75","24.200000000000003","75.8","50","50","platform","80","75","23.799999999999997","76.2","50","50","platform","80","75","23.400000000000006","76.6","50","50","platform","80","75","23.299999999999997","76.7","50","50","platform","80","75","25.799999999999997","74.2","50","50","platform","80","75","24.700000000000003","75.3","50","50","platform","80","75","22.799999999999997","77.2","50","50","platform","80","75","23.200000000000003","76.8","50","50","platform","80","75","22.799999999999997","77.2","50","50","platform","80","75","23.700000000000003","76.3"
"[min]","0","50",,"80","75","21.200000000000003","50","0","50",,"80","75","20.299999999999997","50","0","50",,"80","75","21.799999999999997","50","0","50",,"80","75","21.5","50","0","50",,"80","75","21.799999999999997","50","0","50",,"80","75","22.5","50","0","50",,"80","75","21.5","50","0","50",,"80","75","21.700000000000003","50","0","50",,"80","75","20.799999999999997","50","0","50",,"80","75","21.299999999999997","50"
"[max]","50","50",,"80","75","50","78.8","50","50",,"80","75","50","79.7","50","50",,"80","75","50","78.2","50","50",,"80","75","50","78.5","50","50",,"80","75","50","78.2","50","50",,"80","75","50","77.5","50","50",,"80","75","50","78.5","50","50",,"80","75","50","78.3","50","50",,"80","75","50","79.2","50","50",,"80","75","50","78.7"
"[mean]","25","50",,"80","75","25.10392156862745","74.89607843137253","25","50",,"80","75","25.470588235294123","74.52941176470587","25","50",,"80","75","25.694117647058818","74.30588235294117","25","50",,"80","75","26.011764705882346","73.98823529411764","25","50",,"80","75","26.562745098039215","73.43725490196078","25","50",,"80","75","26.31176470588236","73.68823529411765","25","50",,"80","75","26.150980392156864","73.84901960784312","25","50",,"80","75","25.086274509803925","74.91372549019609","25","50",,"80","75","25.741176470588233","74.25882352941176","25","50",,"80","75","26.358823529411758","73.64117647058823"
"[total steps]","50","50","50","50","50","50","50","50","50","50","50","50","50","50","50","50","50","50","50","50","50","50","50","50","50","50","50","50","50","50","50","50","50","50","50","50","50","50","50","50","50","50","50","50","50","50","50","50","50","50","50","50","50","50","50","50","50","50","50","50","50","50","50","50","50","50","50","50","50","50"

"[all run data]","[step]","pollution-level","treatment","platform-accuracy","platform-speed","effectiveness","current-pollution-rate","[step]","pollution-level","treatment","platform-accuracy","platform-speed","effectiveness","current-pollution-rate","[step]","pollution-level","treatment","platform-accuracy","platform-speed","effectiveness","current-pollution-rate","[step]","pollution-level","treatment","platform-accuracy","platform-speed","effectiveness","current-pollution-rate","[step]","pollution-level","treatment","platform-accuracy","platform-speed","effectiveness","current-pollution-rate","[step]","pollution-level","treatment","platform-accuracy","platform-speed","effectiveness","current-pollution-rate","[step]","pollution-level","treatment","platform-accuracy","platform-speed","effectiveness","current-pollution-rate","[step]","pollution-level","treatment","platform-accuracy","platform-speed","effectiveness","current-pollution-rate","[step]","pollution-level","treatment","platform-accuracy","platform-speed","effectiveness","current-pollution-rate","[step]","pollution-level","treatment","platform-accuracy","platform-speed","effectiveness","current-pollution-rate"
,"0","50","platform","80","75","50","50","0","50","platform","80","75","50","50","0","50","platform","80","75","50","50","0","50","platform","80","75","50","50","0","50","platform","80","75","50","50","0","50","platform","80","75","50","50","0","50","platform","80","75","50","50","0","50","platform","80","75","50","50","0","50","platform","80","75","50","50","0","50","platform","80","75","50","50"
,"1","50","platform","80","75","44.99999999999999","55.00000000000001","1","50","platform","80","75","45.699999999999996","54.300000000000004","1","50","platform","80","75","46.3","53.7","1","50","platform","80","75","46","54","1","50","platform","80","75","45.4","54.6","1","50","platform","80","75","45.099999999999994","54.900000000000006","1","50","platform","80","75","45.599999999999994","54.400000000000006","1","50","platform","80","75","43.00000000000001","56.99999999999999","1","50","platform","80","75","45.8","54.2","1","50","platform","80","75","46.3","53.7"
,"2","50","platform","80","75","38.9","61.1","2","50","platform","80","75","41.900000000000006","58.099999999999994","2","50","platform","80","75","41.5","58.5","2","50","platform","80","75","40.900000000000006","59.099999999999994","2","50","platform","80","75","41.7","58.3","2","50","platform","80","75","40.7","59.3","2","50","platform","80","75","40.1","59.9","2","50","platform","80","75","38.800000000000004","61.199999999999996","2","50","platform","80","75","41","59","2","50","platform","80","75","41.5","58.5"
,"3","50","platform","80","75","36.199999999999996","63.800000000000004","3","50","platform","80","75","36.8","63.2","3","50","platform","80","75","36.3","63.7","3","50","platform","80","75","37.6","62.4","3","50","platform","80","75","39","61","3","50","platform","80","75","38.1","61.9","3","50","platform","80","75","37.7","62.3","3","50","platform","80","75","35.5","64.5","3","50","platform","80","75","37.8","62.2","3","50","platform","80","75","37.7","62.3"
,"4","50","platform","80","75","32.39999999999999","67.60000000000001","4","50","platform","80","75","34.2","65.8","4","50","platform","80","75","33.5","66.5","4","50","platform","80","75","34.7","65.3","4","50","platform","80","75","36.199999999999996","63.800000000000004","4","50","platform","80","75","35.099999999999994","64.9","4","50","platform","80","75","35.39999999999999","64.60000000000001","4","50","platform","80","75","32.3","67.7","4","50","platform","80","75","33.599999999999994","66.4","4","50","platform","80","75","34.3","65.7"
,"5","50","platform","80","75","30.10000000000001","69.89999999999999","5","50","platform","80","75","33","67","5","50","platform","80","75","32","68","5","50","platform","80","75","32.5","67.5","5","50","platform","80","75","33.39999999999999","66.60000000000001","5","50","platform","80","75","33.599999999999994","66.4","5","50","platform","80","75","32.5","67.5","5","50","platform","80","75","29.80000000000001","70.19999999999999","5","50","platform","80","75","33.099999999999994","66.9","5","50","platform","80","75","32","68"
,"6","50","platform","80","75","27.299999999999997","72.7","6","50","platform","80","75","30.700000000000003","69.3","6","50","platform","80","75","29.400000000000006","70.6","6","50","platform","80","75","30.80000000000001","69.19999999999999","6","50","platform","80","75","32.8","67.2","6","50","platform","80","75","32.19999999999999","67.80000000000001","6","50","platform","80","75","31.39999999999999","68.60000000000001","6","50","platform","80","75","27.799999999999997","72.2","6","50","platform","80","75","31.200000000000003","68.8","6","50","platform","80","75","31.39999999999999","68.60000000000001"
,"7","50","platform","80","75","27.799999999999997","72.2","7","50","platform","80","75","29.400000000000006","70.6","7","50","platform","80","75","27.900000000000006","72.1","7","50","platform","80","75","30","70","7","50","platform","80","75","31.10000000000001","68.89999999999999","7","50","platform","80","75","29.5","70.5","7","50","platform","80","75","28.299999999999997","71.7","7","50","platform","80","75","26.099999999999994","73.9","7","50","platform","80","75","29.80000000000001","70.19999999999999","7","50","platform","80","75","28.299999999999997","71.7"
,"8","50","platform","80","75","27.299999999999997","72.7","8","50","platform","80","75","27.5","72.5","8","50","platform","80","75","26.900000000000006","73.1","8","50","platform","80","75","29","71","8","50","platform","80","75","29.299999999999997","70.7","8","50","platform","80","75","28.60000000000001","71.39999999999999","8","50","platform","80","75","27","73","8","50","platform","80","75","25.900000000000006","74.1","8","50","platform","80","75","28.700000000000003","71.3","8","50","platform","80","75","28.400000000000006","71.6"
,"9","50","platform","80","75","25.599999999999994","74.4","9","50","platform","80","75","26.099999999999994","73.9","9","50","platform","80","75","26.400000000000006","73.6","9","50","platform","80","75","28.400000000000006","71.6","9","50","platform","80","75","28.5","71.5","9","50","platform","80","75","27.900000000000006","72.1","9","50","platform","80","75","24.900000000000006","75.1","9","50","platform","80","75","25","75","9","50","platform","80","75","28.299999999999997","71.7","9","50","platform","80","75","26.299999999999997","73.7"
,"10","50","platform","80","75","24.200000000000003","75.8","10","50","platform","80","75","24.200000000000003","75.8","10","50","platform","80","75","25.5","74.5","10","50","platform","80","75","27.60000000000001","72.39999999999999","10","50","platform","80","75","27.400000000000006","72.6","10","50","platform","80","75","27.5","72.5","10","50","platform","80","75","24.900000000000006","75.1","10","50","platform","80","75","25.200000000000003","74.8","10","50","platform","80","75","27.799999999999997","72.2","10","50","platform","80","75","25.099999999999994","74.9"
,"11","50","platform","80","75","23.900000000000006","76.1","11","50","platform","80","75","23.799999999999997","76.2","11","50","platform","80","75","24.200000000000003","75.8","11","50","platform","80","75","26.299999999999997","73.7","11","50","platform","80","75","26.5","73.5","11","50","platform","80","75","26.299999999999997","73.7","11","50","platform","80","75","24.700000000000003","75.3","11","50","platform","80","75","24.200000000000003","75.8","11","50","platform","80","75","26.400000000000006","73.6","11","50","platform","80","75","24.799999999999997","75.2"
,"12","50","platform","80","75","21.700000000000003","78.3","12","50","platform","80","75","23.599999999999994","76.4","12","50","platform","80","75","24.299999999999997","75.7","12","50","platform","80","75","24.799999999999997","75.2","12","50","platform","80","75","25.900000000000006","74.1","12","50","platform","80","75","27","73","12","50","platform","80","75","23.900000000000006","76.1","12","50","platform","80","75","25.200000000000003","74.8","12","50","platform","80","75","27.200000000000003","72.8","12","50","platform","80","75","25.299999999999997","74.7"
,"13","50","platform","80","75","23.700000000000003","76.3","13","50","platform","80","75","24.599999999999994","75.4","13","50","platform","80","75","25","75","13","50","platform","80","75","25.900000000000006","74.1","13","50","platform","80","75","25.799999999999997","74.2","13","50","platform","80","75","26.099999999999994","73.9","13","50","platform","80","75","23.5","76.5","13","50","platform","80","75","24.400000000000006","75.6","13","50","platform","80","75","26.400000000000006","73.6","13","50","platform","80","75","25.799999999999997","74.2"
,"14","50","platform","80","75","22.39999999999999","77.60000000000001","14","50","platform","80","75","24.200000000000003","75.8","14","50","platform","80","75","23.799999999999997","76.2","14","50","platform","80","75","25.599999999999994","74.4","14","50","platform","80","75","25.599999999999994","74.4","14","50","platform","80","75","24.700000000000003","75.3","14","50","platform","80","75","24","76","14","50","platform","80","75","23.799999999999997","76.2","14","50","platform","80","75","25.400000000000006","74.6","14","50","platform","80","75","24.599999999999994","75.4"
,"15","50","platform","80","75","21.200000000000003","78.8","15","50","platform","80","75","23.900000000000006","76.1","15","50","platform","80","75","23","77","15","50","platform","80","75","24.299999999999997","75.7","15","50","platform","80","75","24.200000000000003","75.8","15","50","platform","80","75","23.900000000000006","76.1","15","50","platform","80","75","23.400000000000006","76.6","15","50","platform","80","75","23.200000000000003","76.8","15","50","platform","80","75","24.299999999999997","75.7","15","50","platform","80","75","26.099999999999994","73.9"
,"16","50","platform","80","75","22.099999999999994","77.9","16","50","platform","80","75","22.700000000000003","77.3","16","50","platform","80","75","23","77","16","50","platform","80","75","24.200000000000003","75.8","16","50","platform","80","75","24.700000000000003","75.3","16","50","platform","80","75","22.599999999999994","77.4","16","50","platform","80","75","24.700000000000003","75.3","16","50","platform","80","75","22.799999999999997","77.2","16","50","platform","80","75","23.799999999999997","76.2","16","50","platform","80","75","26.700000000000003","73.3"
,"17","50","platform","80","75","22","78","17","50","platform","80","75","22.200000000000003","77.8","17","50","platform","80","75","22.5","77.5","17","50","platform","80","75","23.299999999999997","76.7","17","50","platform","80","75","24.099999999999994","75.9","17","50","platform","80","75","22.700000000000003","77.3","17","50","platform","80","75","24.799999999999997","75.2","17","50","platform","80","75","23.400000000000006","76.6","17","50","platform","80","75","24.599999999999994","75.4","17","50","platform","80","75","26","74"
,"18","50","platform","80","75","22.39999999999999","77.60000000000001","18","50","platform","80","75","22.599999999999994","77.4","18","50","platform","80","75","23","77","18","50","platform","80","75","22.700000000000003","77.3","18","50","platform","80","75","24.900000000000006","75.1","18","50","platform","80","75","23.799999999999997","76.2","18","50","platform","80","75","25.200000000000003","74.8","18","50","platform","80","75","23.900000000000006","76.1","18","50","platform","80","75","24.400000000000006","75.6","18","50","platform","80","75","25.299999999999997","74.7"
,"19","50","platform","80","75","22.89999999999999","77.10000000000001","19","50","platform","80","75","22.299999999999997","77.7","19","50","platform","80","75","22.299999999999997","77.7","19","50","platform","80","75","22.099999999999994","77.9","19","50","platform","80","75","24.599999999999994","75.4","19","50","platform","80","75","24.200000000000003","75.8","19","50","platform","80","75","25.700000000000003","74.3","19","50","platform","80","75","23.200000000000003","76.8","19","50","platform","80","75","24.599999999999994","75.4","19","50","platform","80","75","25.400000000000006","74.6"
,"20","50","platform","80","75","23.799999999999997","76.2","20","50","platform","80","75","21.5","78.5","20","50","platform","80","75","22.700000000000003","77.3","20","50","platform","80","75","22.799999999999997","77.2","20","50","platform","80","75","23.799999999999997","76.2","20","50","platform","80","75","24.5","75.5","20","50","platform","80","75","25.599999999999994","74.4","20","50","platform","80","75","23.799999999999997","76.2","20","50","platform","80","75","24.200000000000003","75.8","20","50","platform","80","75","25","75"
,"21","50","platform","80","75","23","77","21","50","platform","80","75","20.299999999999997","79.7","21","50","platform","80","75","22.39999999999999","77.60000000000001","21","50","platform","80","75","22.299999999999997","77.7","21","50","platform","80","75","23.099999999999994","76.9","21","50","platform","80","75","24.599999999999994","75.4","21","50","platform","80","75","26.099999999999994","73.9","21","50","platform","80","75","23.5","76.5","21","50","platform","80","75","24.099999999999994","75.9","21","50","platform","80","75","25.900000000000006","74.1"
,"22","50","platform","80","75","23.799999999999997","76.2","22","50","platform","80","75","21.299999999999997","78.7","22","50","platform","80","75","22.299999999999997","77.7","22","50","platform","80","75","22.5","77.5","22","50","platform","80","75","23.200000000000003","76.8","22","50","platform","80","75","25.200000000000003","74.8","22","50","platform","80","75","26.099999999999994","73.9","22","50","platform","80","75","23","77","22","50","platform","80","75","23.900000000000006","76.1","22","50","platform","80","75","25.299999999999997","74.7"
,"23","50","platform","80","75","22.200000000000003","77.8","23","50","platform","80","75","21.599999999999994","78.4","23","50","platform","80","75","22.5","77.5","23","50","platform","80","75","21.89999999999999","78.10000000000001","23","50","platform","80","75","23.200000000000003","76.8","23","50","platform","80","75","25.400000000000006","74.6","23","50","platform","80","75","25.700000000000003","74.3","23","50","platform","80","75","22.599999999999994","77.4","23","50","platform","80","75","23.599999999999994","76.4","23","50","platform","80","75","24.700000000000003","75.3"
,"24","50","platform","80","75","22.700000000000003","77.3","24","50","platform","80","75","22.200000000000003","77.8","24","50","platform","80","75","22.39999999999999","77.60000000000001","24","50","platform","80","75","22.599999999999994","77.4","24","50","platform","80","75","22.099999999999994","77.9","24","50","platform","80","75","24","76","24","50","platform","80","75","25.099999999999994","74.9","24","50","platform","80","75","22.099999999999994","77.9","24","50","platform","80","75","22.200000000000003","77.8","24","50","platform","80","75","24.799999999999997","75.2"
,"25","50","platform","80","75","22.799999999999997","77.2","25","50","platform","80","75","21.39999999999999","78.60000000000001","25","50","platform","80","75","22.299999999999997","77.7","25","50","platform","80","75","22.799999999999997","77.2","25","50","platform","80","75","23.200000000000003","76.8","25","50","platform","80","75","23.799999999999997","76.2","25","50","platform","80","75","26","74","25","50","platform","80","75","22","78","25","50","platform","80","75","21.599999999999994","78.4","25","50","platform","80","75","23.5","76.5"
,"26","50","platform","80","75","22.5","77.5","26","50","platform","80","75","22.099999999999994","77.9","26","50","platform","80","75","22.39999999999999","77.60000000000001","26","50","platform","80","75","24.099999999999994","75.9","26","50","platform","80","75","23","77","26","50","platform","80","75","23.200000000000003","76.8","26","50","platform","80","75","26.299999999999997","73.7","26","50","platform","80","75","22.299999999999997","77.7","26","50","platform","80","75","21.5","78.5","26","50","platform","80","75","24","76"
,"27","50","platform","80","75","21.599999999999994","78.4","27","50","platform","80","75","21.5","78.5","27","50","platform","80","75","22.299999999999997","77.7","27","50","platform","80","75","23.799999999999997","76.2","27","50","platform","80","75","22.200000000000003","77.8","27","50","platform","80","75","23.099999999999994","76.9","27","50","platform","80","75","26.099999999999994","73.9","27","50","platform","80","75","23.200000000000003","76.8","27","50","platform","80","75","21.799999999999997","78.2","27","50","platform","80","75","23.599999999999994","76.4"
,"28","50","platform","80","75","21.5","78.5","28","50","platform","80","75","21.5","78.5","28","50","platform","80","75","22.39999999999999","77.60000000000001","28","50","platform","80","75","22.799999999999997","77.2","28","50","platform","80","75","22.299999999999997","77.7","28","50","platform","80","75","24.200000000000003","75.8","28","50","platform","80","75","25.400000000000006","74.6","28","50","platform","80","75","22.599999999999994","77.4","28","50","platform","80","75","22.39999999999999","77.60000000000001","28","50","platform","80","75","24.099999999999994","75.9"
,"29","50","platform","80","75","21.599999999999994","78.4","29","50","platform","80","75","22.099999999999994","77.9","29","50","platform","80","75","21.799999999999997","78.2","29","50","platform","80","75","22.5","77.5","29","50","platform","80","75","22.39999999999999","77.60000000000001","29","50","platform","80","75","24.299999999999997","75.7","29","50","platform","80","75","24.799999999999997","75.2","29","50","platform","80","75","22.299999999999997","77.7","29","50","platform","80","75","22.799999999999997","77.2","29","50","platform","80","75","24.400000000000006","75.6"
,"30","50","platform","80","75","22.799999999999997","77.2","30","50","platform","80","75","22.200000000000003","77.8","30","50","platform","80","75","22.299999999999997","77.7","30","50","platform","80","75","21.5","78.5","30","50","platform","80","75","22.799999999999997","77.2","30","50","platform","80","75","23.799999999999997","76.2","30","50","platform","80","75","22.700000000000003","77.3","30","50","platform","80","75","22.799999999999997","77.2","30","50","platform","80","75","23","77","30","50","platform","80","75","24.299999999999997","75.7"
,"31","50","platform","80","75","22.5","77.5","31","50","platform","80","75","23","77","31","50","platform","80","75","22.799999999999997","77.2","31","50","platform","80","75","22.799999999999997","77.2","31","50","platform","80","75","21.799999999999997","78.2","31","50","platform","80","75","23.099999999999994","76.9","31","50","platform","80","75","21.5","78.5","31","50","platform","80","75","22.700000000000003","77.3","31","50","platform","80","75","22.799999999999997","77.2","31","50","platform","80","75","24.5","75.5"
,"32","50","platform","80","75","23.5","76.5","32","50","platform","80","75","23","77","32","50","platform","80","75","22.39999999999999","77.60000000000001","32","50","platform","80","75","23.099999999999994","76.9","32","50","platform","80","75","23.299999999999997","76.7","32","50","platform","80","75","23","77","32","50","platform","80","75","22.099999999999994","77.9","32","50","platform","80","75","22.599999999999994","77.4","32","50","platform","80","75","22.5","77.5","32","50","platform","80","75","23.700000000000003","76.3"
,"33","50","platform","80","75","23.5","76.5","33","50","platform","80","75","23.599999999999994","76.4","33","50","platform","80","75","24.599999999999994","75.4","33","50","platform","80","75","23.5","76.5","33","50","platform","80","75","23.299999999999997","76.7","33","50","platform","80","75","22.5","77.5","33","50","platform","80","75","22.299999999999997","77.7","33","50","platform","80","75","21.700000000000003","78.3","33","50","platform","80","75","22.799999999999997","77.2","33","50","platform","80","75","24.400000000000006","75.6"
,"34","50","platform","80","75","21.799999999999997","78.2","34","50","platform","80","75","24","76","34","50","platform","80","75","23.599999999999994","76.4","34","50","platform","80","75","22.599999999999994","77.4","34","50","platform","80","75","24.200000000000003","75.8","34","50","platform","80","75","23.5","76.5","34","50","platform","80","75","22.39999999999999","77.60000000000001","34","50","platform","80","75","22.200000000000003","77.8","34","50","platform","80","75","23.200000000000003","76.8","34","50","platform","80","75","22.39999999999999","77.60000000000001"
,"35","50","platform","80","75","22.799999999999997","77.2","35","50","platform","80","75","24.900000000000006","75.1","35","50","platform","80","75","25","75","35","50","platform","80","75","22.5","77.5","35","50","platform","80","75","23.900000000000006","76.1","35","50","platform","80","75","22.700000000000003","77.3","35","50","platform","80","75","22.5","77.5","35","50","platform","80","75","22.39999999999999","77.60000000000001","35","50","platform","80","75","23.200000000000003","76.8","35","50","platform","80","75","22.39999999999999","77.60000000000001"
,"36","50","platform","80","75","23.900000000000006","76.1","36","50","platform","80","75","24.400000000000006","75.6","36","50","platform","80","75","24.299999999999997","75.7","36","50","platform","80","75","23.099999999999994","76.9","36","50","platform","80","75","23.400000000000006","76.6","36","50","platform","80","75","22.599999999999994","77.4","36","50","platform","80","75","23.400000000000006","76.6","36","50","platform","80","75","23.099999999999994","76.9","36","50","platform","80","75","23.599999999999994","76.4","36","50","platform","80","75","21.700000000000003","78.3"
,"37","50","platform","80","75","23.5","76.5","37","50","platform","80","75","23.299999999999997","76.7","37","50","platform","80","75","23.900000000000006","76.1","37","50","platform","80","75","24.099999999999994","75.9","37","50","platform","80","75","24.099999999999994","75.9","37","50","platform","80","75","23.200000000000003","76.8","37","50","platform","80","75","22.200000000000003","77.8","37","50","platform","80","75","22.5","77.5","37","50","platform","80","75","22.89999999999999","77.10000000000001","37","50","platform","80","75","21.299999999999997","78.7"
,"38","50","platform","80","75","23.299999999999997","76.7","38","50","platform","80","75","24.599999999999994","75.4","38","50","platform","80","75","24.400000000000006","75.6","38","50","platform","80","75","23.5","76.5","38","50","platform","80","75","23.599999999999994","76.4","38","50","platform","80","75","23.299999999999997","76.7","38","50","platform","80","75","21.700000000000003","78.3","38","50","platform","80","75","22","78","38","50","platform","80","75","22.39999999999999","77.60000000000001","38","50","platform","80","75","21.5","78.5"
,"39","50","platform","80","75","24","76","39","50","platform","80","75","23.299999999999997","76.7","39","50","platform","80","75","24.599999999999994","75.4","39","50","platform","80","75","24.700000000000003","75.3","39","50","platform","80","75","24.200000000000003","75.8","39","50","platform","80","75","23.299999999999997","76.7","39","50","platform","80","75","22.299999999999997","77.7","39","50","platform","80","75","23.5","76.5","39","50","platform","80","75","22","78","39","50","platform","80","75","21.799999999999997","78.2"
,"40","50","platform","80","75","23.700000000000003","76.3","40","50","platform","80","75","22","78","40","50","platform","80","75","26","74","40","50","platform","80","75","24.799999999999997","75.2","40","50","platform","80","75","24.700000000000003","75.3","40","50","platform","80","75","23.400000000000006","76.6","40","50","platform","80","75","23.099999999999994","76.9","40","50","platform","80","75","23.099999999999994","76.9","40","50","platform","80","75","20.799999999999997","79.2","40","50","platform","80","75","22.5","77.5"
,"41","50","platform","80","75","24.400000000000006","75.6","41","50","platform","80","75","23.400000000000006","76.6","41","50","platform","80","75","23.700000000000003","76.3","41","50","platform","80","75","23.599999999999994","76.4","41","50","platform","80","75","24","76","41","50","platform","80","75","23.799999999999997","76.2","41","50","platform","80","75","23.900000000000006","76.1","41","50","platform","80","75","23.900000000000006","76.1","41","50","platform","80","75","21.599999999999994","78.4","41","50","platform","80","75","22.5","77.5"
,"42","50","platform","80","75","23.299999999999997","76.7","42","50","platform","80","75","24.400000000000006","75.6","42","50","platform","80","75","23.5","76.5","42","50","platform","80","75","23.799999999999997","76.2","42","50","platform","80","75","25","75","42","50","platform","80","75","24.799999999999997","75.2","42","50","platform","80","75","24.200000000000003","75.8","42","50","platform","80","75","23.099999999999994","76.9","42","50","platform","80","75","22.299999999999997","77.7","42","50","platform","80","75","22.599999999999994","77.4"
,"43","50","platform","80","75","22.099999999999994","77.9","43","50","platform","80","75","23.700000000000003","76.3","43","50","platform","80","75","24","76","43","50","platform","80","75","23.5","76.5","43","50","platform","80","75","25","75","43","50","platform","80","75","23.599999999999994","76.4","43","50","platform","80","75","23.299999999999997","76.7","43","50","platform","80","75","23","77","43","50","platform","80","75","22.39999999999999","77.60000000000001","43","50","platform","80","75","24.099999999999994","75.9"
,"44","50","platform","80","75","21.89999999999999","78.10000000000001","44","50","platform","80","75","23.799999999999997","76.2","44","50","platform","80","75","24","76","44","50","platform","80","75","23.799999999999997","76.2","44","50","platform","80","75","24.799999999999997","75.2","44","50","platform","80","75","22.700000000000003","77.3","44","50","platform","80","75","22.299999999999997","77.7","44","50","platform","80","75","22.39999999999999","77.60000000000001","44","50","platform","80","75","22.599999999999994","77.4","44","50","platform","80","75","24.599999999999994","75.4"
,"45","50","platform","80","75","22.700000000000003","77.3","45","50","platform","80","75","23.5","76.5","45","50","platform","80","75","24.5","75.5","45","50","platform","80","75","23.200000000000003","76.8","45","50","platform","80","75","24.599999999999994","75.4","45","50","platform","80","75","23.700000000000003","76.3","45","50","platform","80","75","22.39999999999999","77.60000000000001","45","50","platform","80","75","23.099999999999994","76.9","45","50","platform","80","75","21.89999999999999","78.10000000000001","45","50","platform","80","75","24.200000000000003","75.8"
,"46","50","platform","80","75","22.700000000000003","77.3","46","50","platform","80","75","23.599999999999994","76.4","46","50","platform","80","75","24.5","75.5","46","50","platform","80","75","23.299999999999997","76.7","46","50","platform","80","75","24.200000000000003","75.8","46","50","platform","80","75","22.89999999999999","77.10000000000001","46","50","platform","80","75","23.900000000000006","76.1","46","50","platform","80","75","22.5","77.5","46","50","platform","80","75","22","78","46","50","platform","80","75","24.700000000000003","75.3"
,"47","50","platform","80","75","23.099999999999994","76.9","47","50","platform","80","75","24","76","47","50","platform","80","75","23.200000000000003","76.8","47","50","platform","80","75","23.799999999999997","76.2","47","50","platform","80","75","23.200000000000003","76.8","47","50","platform","80","75","22.89999999999999","77.10000000000001","47","50","platform","80","75","23.799999999999997","76.2","47","50","platform","80","75","22.200000000000003","77.8","47","50","platform","80","75","22","78","47","50","platform","80","75","23.599999999999994","76.4"
,"48","50","platform","80","75","24","76","48","50","platform","80","75","23.200000000000003","76.8","48","50","platform","80","75","22.799999999999997","77.2","48","50","platform","80","75","23.599999999999994","76.4","48","50","platform","80","75","24","76","48","50","platform","80","75","23","77","48","50","platform","80","75","22.799999999999997","77.2","48","50","platform","80","75","23.700000000000003","76.3","48","50","platform","80","75","21.5","78.5","48","50","platform","80","75","23.400000000000006","76.6"
,"49","50","platform","80","75","24","76","49","50","platform","80","75","22.39999999999999","77.60000000000001","49","50","platform","80","75","22.599999999999994","77.4","49","50","platform","80","75","23.700000000000003","76.3","49","50","platform","80","75","25.200000000000003","74.8","49","50","platform","80","75","23.5","76.5","49","50","platform","80","75","23.200000000000003","76.8","49","50","platform","80","75","22.799999999999997","77.2","49","50","platform","80","75","22.200000000000003","77.8","49","50","platform","80","75","23.799999999999997","76.2"
,"50","50","platform","80","75","24.200000000000003","75.8","50","50","platform","80","75","23.799999999999997","76.2","50","50","platform","80","75","23.400000000000006","76.6","50","50","platform","80","75","23.299999999999997","76.7","50","50","platform","80","75","25.799999999999997","74.2","50","50","platform","80","75","24.700000000000003","75.3","50","50","platform","80","75","22.799999999999997","77.2","50","50","platform","80","75","23.200000000000003","76.8","50","50","platform","80","75","22.799999999999997","77.2","50","50","platform","80","75","23.700000000000003","76.3"
