condition_id,x,y,xerrminus,xerrplus,yerrminus,yerrplus
4,46.630000000000003,94.039066666699995,0.4335982204000004,0.4335982204000004,0.52210397449999846,0.52210397449999846
5,9.5566666666700009,52.9360666667,0.34302989664000094,0.34302989662999828,0.68812487649999809,0.68812487639999631
6,3.0166666666699999,34.203800000000001,0.19882105991999977,0.19882105991000021,0.47042225159999873,0.47042225159999873
7,77.8966666667,99.790400000000005,0.53084420150000255,0.53084420150000255,0.015140099000007012,0.015140098999992802
8,18.393333333299999,77.862266666699995,0.415336979100001,0.415336979100001,0.47603251439998928,0.47603251440000349
9,5.5366666666700004,50.028799999999997,0.29670350116000055,0.29670350114999966,0.62930386139999683,0.62930386140000394
10,89.983333333299996,99.951266666699993,0.40952560999998866,0.40952561010000466,0.0056314260999954513,0.0056314260000078775
11,30.586666666700001,92.855866666699995,0.71502279799999968,0.7150227978999979,0.70828275599998847,0.70828275590000089
12,9.1033333333299993,66.596199999999996,0.33188821954999881,0.33188821955000058,0.66385225930000047,0.66385225930000047
