comparison_id_a,outcome_a,comparison_id_b,outcome_b,covariance,shared_conditions
H3_legal_coverage_p10,E_mean,H3_legal_coverage_p10,E_mean,0.233131396935,5;11
H3_legal_coverage_p10,E_mean,H3_legal_coverage_p10,O_final,0.0929901532567,5;11
H3_legal_coverage_p10,E_mean,H3_legal_frequency_p10,E_mean,0,
H3_legal_coverage_p10,E_mean,H3_legal_frequency_p10,O_final,0,
H3_legal_coverage_p10,E_mean,H3_platform_coverage_p10,E_mean,0,
H3_legal_coverage_p10,E_mean,H3_platform_coverage_p10,O_final,0,
H3_legal_coverage_p10,E_mean,H3_legal_accuracy_p10,E_mean,0,
H3_legal_coverage_p10,E_mean,H3_legal_accuracy_p10,O_final,0,
H3_legal_coverage_p10,E_mean,H3_platform_accuracy_p10,E_mean,0,
H3_legal_coverage_p10,E_mean,H3_platform_accuracy_p10,O_final,0,
H3_legal_coverage_p10,E_mean,H3_legal_coverage_p30,E_mean,0,
H3_legal_coverage_p10,E_mean,H3_legal_coverage_p30,O_final,0,
H3_legal_coverage_p10,E_mean,H3_legal_frequency_p30,E_mean,0,
H3_legal_coverage_p10,E_mean,H3_legal_frequency_p30,O_final,0,
H3_legal_coverage_p10,E_mean,H3_platform_coverage_p30,E_mean,0,
H3_legal_coverage_p10,E_mean,H3_platform_coverage_p30,O_final,0,
H3_legal_coverage_p10,E_mean,H3_legal_accuracy_p30,E_mean,0,
H3_legal_coverage_p10,E_mean,H3_legal_accuracy_p30,O_final,0,
H3_legal_coverage_p10,E_mean,H3_platform_accuracy_p30,E_mean,0,
H3_legal_coverage_p10,E_mean,H3_platform_accuracy_p30,O_final,0,
H3_legal_coverage_p10,E_mean,H3_legal_coverage_p50,E_mean,0,
H3_legal_coverage_p10,E_mean,H3_legal_coverage_p50,O_final,0,
H3_legal_coverage_p10,E_mean,H3_legal_frequency_p50,E_mean,0,
H3_legal_coverage_p10,E_mean,H3_legal_frequency_p50,O_final,0,
H3_legal_coverage_p10,E_mean,H3_platform_coverage_p50,E_mean,0,
H3_legal_coverage_p10,E_mean,H3_platform_coverage_p50,O_final,0,
H3_legal_coverage_p10,E_mean,H3_legal_accuracy_p50,E_mean,0,
H3_legal_coverage_p10,E_mean,H3_legal_accuracy_p50,O_final,0,
H3_legal_coverage_p10,E_mean,H3_platform_accuracy_p50,E_mean,0,
H3_legal_coverage_p10,E_mean,H3_platform_accuracy_p50,O_final,0,
H3_legal_coverage_p10,O_final,H3_legal_coverage_p10,E_mean,0.0929901532567,5;11
H3_legal_coverage_p10,O_final,H3_legal_coverage_p10,O_final,0.15035440613,5;11
H3_legal_coverage_p10,O_final,H3_legal_frequency_p10,E_mean,0,
H3_legal_coverage_p10,O_final,H3_legal_frequency_p10,O_final,0,
H3_legal_coverage_p10,O_final,H3_platform_coverage_p10,E_mean,0,
H3_legal_coverage_p10,O_final,H3_platform_coverage_p10,O_final,0,
H3_legal_coverage_p10,O_final,H3_legal_accuracy_p10,E_mean,0,
H3_legal_coverage_p10,O_final,H3_legal_accuracy_p10,O_final,0,
H3_legal_coverage_p10,O_final,H3_platform_accuracy_p10,E_mean,0,
H3_legal_coverage_p10,O_final,H3_platform_accuracy_p10,O_final,0,
H3_legal_coverage_p10,O_final,H3_legal_coverage_p30,E_mean,0,
H3_legal_coverage_p10,O_final,H3_legal_coverage_p30,O_final,0,
H3_legal_coverage_p10,O_final,H3_legal_frequency_p30,E_mean,0,
H3_legal_coverage_p10,O_final,H3_legal_frequency_p30,O_final,0,
H3_legal_coverage_p10,O_final,H3_platform_coverage_p30,E_mean,0,
H3_legal_coverage_p10,O_final,H3_platform_coverage_p30,O_final,0,
H3_legal_coverage_p10,O_final,H3_legal_accuracy_p30,E_mean,0,
H3_legal_coverage_p10,O_final,H3_legal_accuracy_p30,O_final,0,
H3_legal_coverage_p10,O_final,H3_platform_accuracy_p30,E_mean,0,
H3_legal_coverage_p10,O_final,H3_platform_accuracy_p30,O_final,0,
H3_legal_coverage_p10,O_final,H3_legal_coverage_p50,E_mean,0,
H3_legal_coverage_p10,O_final,H3_legal_coverage_p50,O_final,0,
H3_legal_coverage_p10,O_final,H3_legal_frequency_p50,E_mean,0,
H3_legal_coverage_p10,O_final,H3_legal_frequency_p50,O_final,0,
H3_legal_coverage_p10,O_final,H3_platform_coverage_p50,E_mean,0,
H3_legal_coverage_p10,O_final,H3_platform_coverage_p50,O_final,0,
H3_legal_coverage_p10,O_final,H3_legal_accuracy_p50,E_mean,0,
H3_legal_coverage_p10,O_final,H3_legal_accuracy_p50,O_final,0,
H3_legal_coverage_p10,O_final,H3_platform_accuracy_p50,E_mean,0,
H3_legal_coverage_p10,O_final,H3_platform_accuracy_p50,O_final,0,
H3_legal_frequency_p10,E_mean,H3_legal_coverage_p10,E_mean,0,
H3_legal_frequency_p10,E_mean,H3_legal_coverage_p10,O_final,0,
H3_legal_frequency_p10,E_mean,H3_legal_frequency_p10,E_mean,0.0947300873563,7;9
H3_legal_frequency_p10,E_mean,H3_legal_frequency_p10,O_final,0.023655816092,7;9
H3_legal_frequency_p10,E_mean,H3_platform_coverage_p10,E_mean,0,
H3_legal_frequency_p10,E_mean,H3_platform_coverage_p10,O_final,0,
H3_legal_frequency_p10,E_mean,H3_legal_accuracy_p10,E_mean,0,
H3_legal_frequency_p10,E_mean,H3_legal_accuracy_p10,O_final,0,
H3_legal_frequency_p10,E_mean,H3_platform_accuracy_p10,E_mean,0,
H3_legal_frequency_p10,E_mean,H3_platform_accuracy_p10,O_final,0,
H3_legal_frequency_p10,E_mean,H3_legal_coverage_p30,E_mean,0,
H3_legal_frequency_p10,E_mean,H3_legal_coverage_p30,O_final,0,
H3_legal_frequency_p10,E_mean,H3_legal_frequency_p30,E_mean,0,
H3_legal_frequency_p10,E_mean,H3_legal_frequency_p30,O_final,0,
H3_legal_frequency_p10,E_mean,H3_platform_coverage_p30,E_mean,0,
H3_legal_frequency_p10,E_mean,H3_platform_coverage_p30,O_final,0,
H3_legal_frequency_p10,E_mean,H3_legal_accuracy_p30,E_mean,0,
H3_legal_frequency_p10,E_mean,H3_legal_accuracy_p30,O_final,0,
H3_legal_frequency_p10,E_mean,H3_platform_accuracy_p30,E_mean,0,
H3_legal_frequency_p10,E_mean,H3_platform_accuracy_p30,O_final,0,
H3_legal_frequency_p10,E_mean,H3_legal_coverage_p50,E_mean,0,
H3_legal_frequency_p10,E_mean,H3_legal_coverage_p50,O_final,0,
H3_legal_frequency_p10,E_mean,H3_legal_frequency_p50,E_mean,0,
H3_legal_frequency_p10,E_mean,H3_legal_frequency_p50,O_final,0,
H3_legal_frequency_p10,E_mean,H3_platform_coverage_p50,E_mean,0,
H3_legal_frequency_p10,E_mean,H3_platform_coverage_p50,O_final,0,
H3_legal_frequency_p10,E_mean,H3_legal_accuracy_p50,E_mean,0,
H3_legal_frequency_p10,E_mean,H3_legal_accuracy_p50,O_final,0,
H3_legal_frequency_p10,E_mean,H3_platform_accuracy_p50,E_mean,0,
H3_legal_frequency_p10,E_mean,H3_platform_accuracy_p50,O_final,0,
H3_legal_frequency_p10,O_final,H3_legal_coverage_p10,E_mean,0,
H3_legal_frequency_p10,O_final,H3_legal_coverage_p10,O_final,0,
H3_legal_frequency_p10,O_final,H3_legal_frequency_p10,E_mean,0.023655816092,7;9
H3_legal_frequency_p10,O_final,H3_legal_frequency_p10,O_final,0.0884130268199,7;9
H3_legal_frequency_p10,O_final,H3_platform_coverage_p10,E_mean,0,
H3_legal_frequency_p10,O_final,H3_platform_coverage_p10,O_final,0,
H3_legal_frequency_p10,O_final,H3_legal_accuracy_p10,E_mean,0,
H3_legal_frequency_p10,O_final,H3_legal_accuracy_p10,O_final,0,
H3_legal_frequency_p10,O_final,H3_platform_accuracy_p10,E_mean,0,
H3_legal_frequency_p10,O_final,H3_platform_accuracy_p10,O_final,0,
H3_legal_frequency_p10,O_final,H3_legal_coverage_p30,E_mean,0,
H3_legal_frequency_p10,O_final,H3_legal_coverage_p30,O_final,0,
H3_legal_frequency_p10,O_final,H3_legal_frequency_p30,E_mean,0,
H3_legal_frequency_p10,O_final,H3_legal_frequency_p30,O_final,0,
H3_legal_frequency_p10,O_final,H3_platform_coverage_p30,E_mean,0,
H3_legal_frequency_p10,O_final,H3_platform_coverage_p30,O_final,0,
H3_legal_frequency_p10,O_final,H3_legal_accuracy_p30,E_mean,0,
H3_legal_frequency_p10,O_final,H3_legal_accuracy_p30,O_final,0,
H3_legal_frequency_p10,O_final,H3_platform_accuracy_p30,E_mean,0,
H3_legal_frequency_p10,O_final,H3_platform_accuracy_p30,O_final,0,
H3_legal_frequency_p10,O_final,H3_legal_coverage_p50,E_mean,0,
H3_legal_frequency_p10,O_final,H3_legal_coverage_p50,O_final,0,
H3_legal_frequency_p10,O_final,H3_legal_frequency_p50,E_mean,0,
H3_legal_frequency_p10,O_final,H3_legal_frequency_p50,O_final,0,
H3_legal_frequency_p10,O_final,H3_platform_coverage_p50,E_mean,0,
H3_legal_frequency_p10,O_final,H3_platform_coverage_p50,O_final,0,
H3_legal_frequency_p10,O_final,H3_legal_accuracy_p50,E_mean,0,
H3_legal_frequency_p10,O_final,H3_legal_accuracy_p50,O_final,0,
H3_legal_frequency_p10,O_final,H3_platform_accuracy_p50,E_mean,0,
H3_legal_frequency_p10,O_final,H3_platform_accuracy_p50,O_final,0,
H3_platform_coverage_p10,E_mean,H3_legal_coverage_p10,E_mean,0,
H3_platform_coverage_p10,E_mean,H3_legal_coverage_p10,O_final,0,
H3_platform_coverage_p10,E_mean,H3_legal_frequency_p10,E_mean,0,
H3_platform_coverage_p10,E_mean,H3_legal_frequency_p10,O_final,0,
H3_platform_coverage_p10,E_mean,H3_platform_coverage_p10,E_mean,0.194630357088,32;38
H3_platform_coverage_p10,E_mean,H3_platform_coverage_p10,O_final,0.198472980843,32;38
H3_platform_coverage_p10,E_mean,H3_legal_accuracy_p10,E_mean,0,
H3_platform_coverage_p10,E_mean,H3_legal_accuracy_p10,O_final,0,
H3_platform_coverage_p10,E_mean,H3_platform_accuracy_p10,E_mean,0,
H3_platform_coverage_p10,E_mean,H3_platform_accuracy_p10,O_final,0,
H3_platform_coverage_p10,E_mean,H3_legal_coverage_p30,E_mean,0,
H3_platform_coverage_p10,E_mean,H3_legal_coverage_p30,O_final,0,
H3_platform_coverage_p10,E_mean,H3_legal_frequency_p30,E_mean,0,
H3_platform_coverage_p10,E_mean,H3_legal_frequency_p30,O_final,0,
H3_platform_coverage_p10,E_mean,H3_platform_coverage_p30,E_mean,0,
H3_platform_coverage_p10,E_mean,H3_platform_coverage_p30,O_final,0,
H3_platform_coverage_p10,E_mean,H3_legal_accuracy_p30,E_mean,0,
H3_platform_coverage_p10,E_mean,H3_legal_accuracy_p30,O_final,0,
H3_platform_coverage_p10,E_mean,H3_platform_accuracy_p30,E_mean,0,
H3_platform_coverage_p10,E_mean,H3_platform_accuracy_p30,O_final,0,
H3_platform_coverage_p10,E_mean,H3_legal_coverage_p50,E_mean,0,
H3_platform_coverage_p10,E_mean,H3_legal_coverage_p50,O_final,0,
H3_platform_coverage_p10,E_mean,H3_legal_frequency_p50,E_mean,0,
H3_platform_coverage_p10,E_mean,H3_legal_frequency_p50,O_final,0,
H3_platform_coverage_p10,E_mean,H3_platform_coverage_p50,E_mean,0,
H3_platform_coverage_p10,E_mean,H3_platform_coverage_p50,O_final,0,
H3_platform_coverage_p10,E_mean,H3_legal_accuracy_p50,E_mean,0,
H3_platform_coverage_p10,E_mean,H3_legal_accuracy_p50,O_final,0,
H3_platform_coverage_p10,E_mean,H3_platform_accuracy_p50,E_mean,0,
H3_platform_coverage_p10,E_mean,H3_platform_accuracy_p50,O_final,0,
H3_platform_coverage_p10,O_final,H3_legal_coverage_p10,E_mean,0,
H3_platform_coverage_p10,O_final,H3_legal_coverage_p10,O_final,0,
H3_platform_coverage_p10,O_final,H3_legal_frequency_p10,E_mean,0,
H3_platform_coverage_p10,O_final,H3_legal_frequency_p10,O_final,0,
H3_platform_coverage_p10,O_final,H3_platform_coverage_p10,E_mean,0.198472980843,32;38
H3_platform_coverage_p10,O_final,H3_platform_coverage_p10,O_final,0.44644789272,32;38
H3_platform_coverage_p10,O_final,H3_legal_accuracy_p10,E_mean,0,
H3_platform_coverage_p10,O_final,H3_legal_accuracy_p10,O_final,0,
H3_platform_coverage_p10,O_final,H3_platform_accuracy_p10,E_mean,0,
H3_platform_coverage_p10,O_final,H3_platform_accuracy_p10,O_final,0,
H3_platform_coverage_p10,O_final,H3_legal_coverage_p30,E_mean,0,
H3_platform_coverage_p10,O_final,H3_legal_coverage_p30,O_final,0,
H3_platform_coverage_p10,O_final,H3_legal_frequency_p30,E_mean,0,
H3_platform_coverage_p10,O_final,H3_legal_frequency_p30,O_final,0,
H3_platform_coverage_p10,O_final,H3_platform_coverage_p30,E_mean,0,
H3_platform_coverage_p10,O_final,H3_platform_coverage_p30,O_final,0,
H3_platform_coverage_p10,O_final,H3_legal_accuracy_p30,E_mean,0,
H3_platform_coverage_p10,O_final,H3_legal_accuracy_p30,O_final,0,
H3_platform_coverage_p10,O_final,H3_platform_accuracy_p30,E_mean,0,
H3_platform_coverage_p10,O_final,H3_platform_accuracy_p30,O_final,0,
H3_platform_coverage_p10,O_final,H3_legal_coverage_p50,E_mean,0,
H3_platform_coverage_p10,O_final,H3_legal_coverage_p50,O_final,0,
H3_platform_coverage_p10,O_final,H3_legal_frequency_p50,E_mean,0,
H3_platform_coverage_p10,O_final,H3_legal_frequency_p50,O_final,0,
H3_platform_coverage_p10,O_final,H3_platform_coverage_p50,E_mean,0,
H3_platform_coverage_p10,O_final,H3_platform_coverage_p50,O_final,0,
H3_platform_coverage_p10,O_final,H3_legal_accuracy_p50,E_mean,0,
H3_platform_coverage_p10,O_final,H3_legal_accuracy_p50,O_final,0,
H3_platform_coverage_p10,O_final,H3_platform_accuracy_p50,E_mean,0,
H3_platform_coverage_p10,O_final,H3_platform_accuracy_p50,O_final,0,
H3_legal_accuracy_p10,E_mean,H3_legal_coverage_p10,E_mean,0,
H3_legal_accuracy_p10,E_mean,H3_legal_coverage_p10,O_final,0,
H3_legal_accuracy_p10,E_mean,H3_legal_frequency_p10,E_mean,0,
H3_legal_accuracy_p10,E_mean,H3_legal_frequency_p10,O_final,0,
H3_legal_accuracy_p10,E_mean,H3_platform_coverage_p10,E_mean,0,
H3_legal_accuracy_p10,E_mean,H3_platform_coverage_p10,O_final,0,
H3_legal_accuracy_p10,E_mean,H3_legal_accuracy_p10,E_mean,0.217391617165,64;65
H3_legal_accuracy_p10,E_mean,H3_legal_accuracy_p10,O_final,0.0397163678161,64;65
H3_legal_accuracy_p10,E_mean,H3_platform_accuracy_p10,E_mean,0,
H3_legal_accuracy_p10,E_mean,H3_platform_accuracy_p10,O_final,0,
H3_legal_accuracy_p10,E_mean,H3_legal_coverage_p30,E_mean,0,
H3_legal_accuracy_p10,E_mean,H3_legal_coverage_p30,O_final,0,
H3_legal_accuracy_p10,E_mean,H3_legal_frequency_p30,E_mean,0,
H3_legal_accuracy_p10,E_mean,H3_legal_frequency_p30,O_final,0,
H3_legal_accuracy_p10,E_mean,H3_platform_coverage_p30,E_mean,0,
H3_legal_accuracy_p10,E_mean,H3_platform_coverage_p30,O_final,0,
H3_legal_accuracy_p10,E_mean,H3_legal_accuracy_p30,E_mean,0,
H3_legal_accuracy_p10,E_mean,H3_legal_accuracy_p30,O_final,0,
H3_legal_accuracy_p10,E_mean,H3_platform_accuracy_p30,E_mean,0,
H3_legal_accuracy_p10,E_mean,H3_platform_accuracy_p30,O_final,0,
H3_legal_accuracy_p10,E_mean,H3_legal_coverage_p50,E_mean,0,
H3_legal_accuracy_p10,E_mean,H3_legal_coverage_p50,O_final,0,
H3_legal_accuracy_p10,E_mean,H3_legal_frequency_p50,E_mean,0,
H3_legal_accuracy_p10,E_mean,H3_legal_frequency_p50,O_final,0,
H3_legal_accuracy_p10,E_mean,H3_platform_coverage_p50,E_mean,0,
H3_legal_accuracy_p10,E_mean,H3_platform_coverage_p50,O_final,0,
H3_legal_accuracy_p10,E_mean,H3_legal_accuracy_p50,E_mean,0,
H3_legal_accuracy_p10,E_mean,H3_legal_accuracy_p50,O_final,0,
H3_legal_accuracy_p10,E_mean,H3_platform_accuracy_p50,E_mean,0,
H3_legal_accuracy_p10,E_mean,H3_platform_accuracy_p50,O_final,0,
H3_legal_accuracy_p10,O_final,H3_legal_coverage_p10,E_mean,0,
H3_legal_accuracy_p10,O_final,H3_legal_coverage_p10,O_final,0,
H3_legal_accuracy_p10,O_final,H3_legal_frequency_p10,E_mean,0,
H3_legal_accuracy_p10,O_final,H3_legal_frequency_p10,O_final,0,
H3_legal_accuracy_p10,O_final,H3_platform_coverage_p10,E_mean,0,
H3_legal_accuracy_p10,O_final,H3_platform_coverage_p10,O_final,0,
H3_legal_accuracy_p10,O_final,H3_legal_accuracy_p10,E_mean,0.0397163678161,64;65
H3_legal_accuracy_p10,O_final,H3_legal_accuracy_p10,O_final,0.0903356321839,64;65
H3_legal_accuracy_p10,O_final,H3_platform_accuracy_p10,E_mean,0,
H3_legal_accuracy_p10,O_final,H3_platform_accuracy_p10,O_final,0,
H3_legal_accuracy_p10,O_final,H3_legal_coverage_p30,E_mean,0,
H3_legal_accuracy_p10,O_final,H3_legal_coverage_p30,O_final,0,
H3_legal_accuracy_p10,O_final,H3_legal_frequency_p30,E_mean,0,
H3_legal_accuracy_p10,O_final,H3_legal_frequency_p30,O_final,0,
H3_legal_accuracy_p10,O_final,H3_platform_coverage_p30,E_mean,0,
H3_legal_accuracy_p10,O_final,H3_platform_coverage_p30,O_final,0,
H3_legal_accuracy_p10,O_final,H3_legal_accuracy_p30,E_mean,0,
H3_legal_accuracy_p10,O_final,H3_legal_accuracy_p30,O_final,0,
H3_legal_accuracy_p10,O_final,H3_platform_accuracy_p30,E_mean,0,
H3_legal_accuracy_p10,O_final,H3_platform_accuracy_p30,O_final,0,
H3_legal_accuracy_p10,O_final,H3_legal_coverage_p50,E_mean,0,
H3_legal_accuracy_p10,O_final,H3_legal_coverage_p50,O_final,0,
H3_legal_accuracy_p10,O_final,H3_legal_frequency_p50,E_mean,0,
H3_legal_accuracy_p10,O_final,H3_legal_frequency_p50,O_final,0,
H3_legal_accuracy_p10,O_final,H3_platform_coverage_p50,E_mean,0,
H3_legal_accuracy_p10,O_final,H3_platform_coverage_p50,O_final,0,
H3_legal_accuracy_p10,O_final,H3_legal_accuracy_p50,E_mean,0,
H3_legal_accuracy_p10,O_final,H3_legal_accuracy_p50,O_final,0,
H3_legal_accuracy_p10,O_final,H3_platform_accuracy_p50,E_mean,0,
H3_legal_accuracy_p10,O_final,H3_platform_accuracy_p50,O_final,0,
H3_platform_accuracy_p10,E_mean,H3_legal_coverage_p10,E_mean,0,
H3_platform_accuracy_p10,E_mean,H3_legal_coverage_p10,O_final,0,
H3_platform_accuracy_p10,E_mean,H3_legal_frequency_p10,E_mean,0,
H3_platform_accuracy_p10,E_mean,H3_legal_frequency_p10,O_final,0,
H3_platform_accuracy_p10,E_mean,H3_platform_coverage_p10,E_mean,0,
H3_platform_accuracy_p10,E_mean,H3_platform_coverage_p10,O_final,0,
H3_platform_accuracy_p10,E_mean,H3_legal_accuracy_p10,E_mean,0,
H3_platform_accuracy_p10,E_mean,H3_legal_accuracy_p10,O_final,0,
H3_platform_accuracy_p10,E_mean,H3_platform_accuracy_p10,E_mean,0.00103855586207,34;36
H3_platform_accuracy_p10,E_mean,H3_platform_accuracy_p10,O_final,0.00027567816092,34;36
H3_platform_accuracy_p10,E_mean,H3_legal_coverage_p30,E_mean,0,
H3_platform_accuracy_p10,E_mean,H3_legal_coverage_p30,O_final,0,
H3_platform_accuracy_p10,E_mean,H3_legal_frequency_p30,E_mean,0,
H3_platform_accuracy_p10,E_mean,H3_legal_frequency_p30,O_final,0,
H3_platform_accuracy_p10,E_mean,H3_platform_coverage_p30,E_mean,0,
H3_platform_accuracy_p10,E_mean,H3_platform_coverage_p30,O_final,0,
H3_platform_accuracy_p10,E_mean,H3_legal_accuracy_p30,E_mean,0,
H3_platform_accuracy_p10,E_mean,H3_legal_accuracy_p30,O_final,0,
H3_platform_accuracy_p10,E_mean,H3_platform_accuracy_p30,E_mean,0,
H3_platform_accuracy_p10,E_mean,H3_platform_accuracy_p30,O_final,0,
H3_platform_accuracy_p10,E_mean,H3_legal_coverage_p50,E_mean,0,
H3_platform_accuracy_p10,E_mean,H3_legal_coverage_p50,O_final,0,
H3_platform_accuracy_p10,E_mean,H3_legal_frequency_p50,E_mean,0,
H3_platform_accuracy_p10,E_mean,H3_legal_frequency_p50,O_final,0,
H3_platform_accuracy_p10,E_mean,H3_platform_coverage_p50,E_mean,0,
H3_platform_accuracy_p10,E_mean,H3_platform_coverage_p50,O_final,0,
H3_platform_accuracy_p10,E_mean,H3_legal_accuracy_p50,E_mean,0,
H3_platform_accuracy_p10,E_mean,H3_legal_accuracy_p50,O_final,0,
H3_platform_accuracy_p10,E_mean,H3_platform_accuracy_p50,E_mean,0,
H3_platform_accuracy_p10,E_mean,H3_platform_accuracy_p50,O_final,0,
H3_platform_accuracy_p10,O_final,H3_legal_coverage_p10,E_mean,0,
H3_platform_accuracy_p10,O_final,H3_legal_coverage_p10,O_final,0,
H3_platform_accuracy_p10,O_final,H3_legal_frequency_p10,E_mean,0,
H3_platform_accuracy_p10,O_final,H3_legal_frequency_p10,O_final,0,
H3_platform_accuracy_p10,O_final,H3_platform_coverage_p10,E_mean,0,
H3_platform_accuracy_p10,O_final,H3_platform_coverage_p10,O_final,0,
H3_platform_accuracy_p10,O_final,H3_legal_accuracy_p10,E_mean,0,
H3_platform_accuracy_p10,O_final,H3_legal_accuracy_p10,O_final,0,
H3_platform_accuracy_p10,O_final,H3_platform_accuracy_p10,E_mean,0.00027567816092,34;36
H3_platform_accuracy_p10,O_final,H3_platform_accuracy_p10,O_final,0.0121900383142,34;36
H3_platform_accuracy_p10,O_final,H3_legal_coverage_p30,E_mean,0,
H3_platform_accuracy_p10,O_final,H3_legal_coverage_p30,O_final,0,
H3_platform_accuracy_p10,O_final,H3_legal_frequency_p30,E_mean,0,
H3_platform_accuracy_p10,O_final,H3_legal_frequency_p30,O_final,0,
H3_platform_accuracy_p10,O_final,H3_platform_coverage_p30,E_mean,0,
H3_platform_accuracy_p10,O_final,H3_platform_coverage_p30,O_final,0,
H3_platform_accuracy_p10,O_final,H3_legal_accuracy_p30,E_mean,0,
H3_platform_accuracy_p10,O_final,H3_legal_accuracy_p30,O_final,0,
H3_platform_accuracy_p10,O_final,H3_platform_accuracy_p30,E_mean,0,
H3_platform_accuracy_p10,O_final,H3_platform_accuracy_p30,O_final,0,
H3_platform_accuracy_p10,O_final,H3_legal_coverage_p50,E_mean,0,
H3_platform_accuracy_p10,O_final,H3_legal_coverage_p50,O_final,0,
H3_platform_accuracy_p10,O_final,H3_legal_frequency_p50,E_mean,0,
H3_platform_accuracy_p10,O_final,H3_legal_frequency_p50,O_final,0,
H3_platform_accuracy_p10,O_final,H3_platform_coverage_p50,E_mean,0,
H3_platform_accuracy_p10,O_final,H3_platform_coverage_p50,O_final,0,
H3_platform_accuracy_p10,O_final,H3_legal_accuracy_p50,E_mean,0,
H3_platform_accuracy_p10,O_final,H3_legal_accuracy_p50,O_final,0,
H3_platform_accuracy_p10,O_final,H3_platform_accuracy_p50,E_mean,0,
H3_platform_accuracy_p10,O_final,H3_platform_accuracy_p50,O_final,0,
H3_legal_coverage_p30,E_mean,H3_legal_coverage_p10,E_mean,0,
H3_legal_coverage_p30,E_mean,H3_legal_coverage_p10,O_final,0,
H3_legal_coverage_p30,E_mean,H3_legal_frequency_p10,E_mean,0,
H3_legal_coverage_p30,E_mean,H3_legal_frequency_p10,O_final,0,
H3_legal_coverage_p30,E_mean,H3_platform_coverage_p10,E_mean,0,
H3_legal_coverage_p30,E_mean,H3_platform_coverage_p10,O_final,0,
H3_legal_coverage_p30,E_mean,H3_legal_accuracy_p10,E_mean,0,
H3_legal_coverage_p30,E_mean,H3_legal_accuracy_p10,O_final,0,
H3_legal_coverage_p30,E_mean,H3_platform_accuracy_p10,E_mean,0,
H3_legal_coverage_p30,E_mean,H3_platform_accuracy_p10,O_final,0,
H3_legal_coverage_p30,E_mean,H3_legal_coverage_p30,E_mean,0.117278902989,14;20
H3_legal_coverage_p30,E_mean,H3_legal_coverage_p30,O_final,0.0626846666667,14;20
H3_legal_coverage_p30,E_mean,H3_legal_frequency_p30,E_mean,0,
H3_legal_coverage_p30,E_mean,H3_legal_frequency_p30,O_final,0,
H3_legal_coverage_p30,E_mean,H3_platform_coverage_p30,E_mean,0,
H3_legal_coverage_p30,E_mean,H3_platform_coverage_p30,O_final,0,
H3_legal_coverage_p30,E_mean,H3_legal_accuracy_p30,E_mean,0,
H3_legal_coverage_p30,E_mean,H3_legal_accuracy_p30,O_final,0,
H3_legal_coverage_p30,E_mean,H3_platform_accuracy_p30,E_mean,0,
H3_legal_coverage_p30,E_mean,H3_platform_accuracy_p30,O_final,0,
H3_legal_coverage_p30,E_mean,H3_legal_coverage_p50,E_mean,0,
H3_legal_coverage_p30,E_mean,H3_legal_coverage_p50,O_final,0,
H3_legal_coverage_p30,E_mean,H3_legal_frequency_p50,E_mean,0,
H3_legal_coverage_p30,E_mean,H3_legal_frequency_p50,O_final,0,
H3_legal_coverage_p30,E_mean,H3_platform_coverage_p50,E_mean,0,
H3_legal_coverage_p30,E_mean,H3_platform_coverage_p50,O_final,0,
H3_legal_coverage_p30,E_mean,H3_legal_accuracy_p50,E_mean,0,
H3_legal_coverage_p30,E_mean,H3_legal_accuracy_p50,O_final,0,
H3_legal_coverage_p30,E_mean,H3_platform_accuracy_p50,E_mean,0,
H3_legal_coverage_p30,E_mean,H3_platform_accuracy_p50,O_final,0,
H3_legal_coverage_p30,O_final,H3_legal_coverage_p10,E_mean,0,
H3_legal_coverage_p30,O_final,H3_legal_coverage_p10,O_final,0,
H3_legal_coverage_p30,O_final,H3_legal_frequency_p10,E_mean,0,
H3_legal_coverage_p30,O_final,H3_legal_frequency_p10,O_final,0,
H3_legal_coverage_p30,O_final,H3_platform_coverage_p10,E_mean,0,
H3_legal_coverage_p30,O_final,H3_platform_coverage_p10,O_final,0,
H3_legal_coverage_p30,O_final,H3_legal_accuracy_p10,E_mean,0,
H3_legal_coverage_p30,O_final,H3_legal_accuracy_p10,O_final,0,
H3_legal_coverage_p30,O_final,H3_platform_accuracy_p10,E_mean,0,
H3_legal_coverage_p30,O_final,H3_platform_accuracy_p10,O_final,0,
H3_legal_coverage_p30,O_final,H3_legal_coverage_p30,E_mean,0.0626846666667,14;20
H3_legal_coverage_p30,O_final,H3_legal_coverage_p30,O_final,0.11348697318,14;20
H3_legal_coverage_p30,O_final,H3_legal_frequency_p30,E_mean,0,
H3_legal_coverage_p30,O_final,H3_legal_frequency_p30,O_final,0,
H3_legal_coverage_p30,O_final,H3_platform_coverage_p30,E_mean,0,
H3_legal_coverage_p30,O_final,H3_platform_coverage_p30,O_final,0,
H3_legal_coverage_p30,O_final,H3_legal_accuracy_p30,E_mean,0,
H3_legal_coverage_p30,O_final,H3_legal_accuracy_p30,O_final,0,
H3_legal_coverage_p30,O_final,H3_platform_accuracy_p30,E_mean,0,
H3_legal_coverage_p30,O_final,H3_platform_accuracy_p30,O_final,0,
H3_legal_coverage_p30,O_final,H3_legal_coverage_p50,E_mean,0,
H3_legal_coverage_p30,O_final,H3_legal_coverage_p50,O_final,0,
H3_legal_coverage_p30,O_final,H3_legal_frequency_p50,E_mean,0,
H3_legal_coverage_p30,O_final,H3_legal_frequency_p50,O_final,0,
H3_legal_coverage_p30,O_final,H3_platform_coverage_p50,E_mean,0,
H3_legal_coverage_p30,O_final,H3_platform_coverage_p50,O_final,0,
H3_legal_coverage_p30,O_final,H3_legal_accuracy_p50,E_mean,0,
H3_legal_coverage_p30,O_final,H3_legal_accuracy_p50,O_final,0,
H3_legal_coverage_p30,O_final,H3_platform_accuracy_p50,E_mean,0,
H3_legal_coverage_p30,O_final,H3_platform_accuracy_p50,O_final,0,
H3_legal_frequency_p30,E_mean,H3_legal_coverage_p10,E_mean,0,
H3_legal_frequency_p30,E_mean,H3_legal_coverage_p10,O_final,0,
H3_legal_frequency_p30,E_mean,H3_legal_frequency_p10,E_mean,0,
H3_legal_frequency_p30,E_mean,H3_legal_frequency_p10,O_final,0,
H3_legal_frequency_p30,E_mean,H3_platform_coverage_p10,E_mean,0,
H3_legal_frequency_p30,E_mean,H3_platform_coverage_p10,O_final,0,
H3_legal_frequency_p30,E_mean,H3_legal_accuracy_p10,E_mean,0,
H3_legal_frequency_p30,E_mean,H3_legal_accuracy_p10,O_final,0,
H3_legal_frequency_p30,E_mean,H3_platform_accuracy_p10,E_mean,0,
H3_legal_frequency_p30,E_mean,H3_platform_accuracy_p10,O_final,0,
H3_legal_frequency_p30,E_mean,H3_legal_coverage_p30,E_mean,0,
H3_legal_frequency_p30,E_mean,H3_legal_coverage_p30,O_final,0,
H3_legal_frequency_p30,E_mean,H3_legal_frequency_p30,E_mean,0.027770114636,16;18
H3_legal_frequency_p30,E_mean,H3_legal_frequency_p30,O_final,0.00959575478927,16;18
H3_legal_frequency_p30,E_mean,H3_platform_coverage_p30,E_mean,0,
H3_legal_frequency_p30,E_mean,H3_platform_coverage_p30,O_final,0,
H3_legal_frequency_p30,E_mean,H3_legal_accuracy_p30,E_mean,0,
H3_legal_frequency_p30,E_mean,H3_legal_accuracy_p30,O_final,0,
H3_legal_frequency_p30,E_mean,H3_platform_accuracy_p30,E_mean,0,
H3_legal_frequency_p30,E_mean,H3_platform_accuracy_p30,O_final,0,
H3_legal_frequency_p30,E_mean,H3_legal_coverage_p50,E_mean,0,
H3_legal_frequency_p30,E_mean,H3_legal_coverage_p50,O_final,0,
H3_legal_frequency_p30,E_mean,H3_legal_frequency_p50,E_mean,0,
H3_legal_frequency_p30,E_mean,H3_legal_frequency_p50,O_final,0,
H3_legal_frequency_p30,E_mean,H3_platform_coverage_p50,E_mean,0,
H3_legal_frequency_p30,E_mean,H3_platform_coverage_p50,O_final,0,
H3_legal_frequency_p30,E_mean,H3_legal_accuracy_p50,E_mean,0,
H3_legal_frequency_p30,E_mean,H3_legal_accuracy_p50,O_final,0,
H3_legal_frequency_p30,E_mean,H3_platform_accuracy_p50,E_mean,0,
H3_legal_frequency_p30,E_mean,H3_platform_accuracy_p50,O_final,0,
H3_legal_frequency_p30,O_final,H3_legal_coverage_p10,E_mean,0,
H3_legal_frequency_p30,O_final,H3_legal_coverage_p10,O_final,0,
H3_legal_frequency_p30,O_final,H3_legal_frequency_p10,E_mean,0,
H3_legal_frequency_p30,O_final,H3_legal_frequency_p10,O_final,0,
H3_legal_frequency_p30,O_final,H3_platform_coverage_p10,E_mean,0,
H3_legal_frequency_p30,O_final,H3_platform_coverage_p10,O_final,0,
H3_legal_frequency_p30,O_final,H3_legal_accuracy_p10,E_mean,0,
H3_legal_frequency_p30,O_final,H3_legal_accuracy_p10,O_final,0,
H3_legal_frequency_p30,O_final,H3_platform_accuracy_p10,E_mean,0,
H3_legal_frequency_p30,O_final,H3_platform_accuracy_p10,O_final,0,
H3_legal_frequency_p30,O_final,H3_legal_coverage_p30,E_mean,0,
H3_legal_frequency_p30,O_final,H3_legal_coverage_p30,O_final,0,
H3_legal_frequency_p30,O_final,H3_legal_frequency_p30,E_mean,0.00959575478927,16;18
H3_legal_frequency_p30,O_final,H3_legal_frequency_p30,O_final,0.0724674329502,16;18
H3_legal_frequency_p30,O_final,H3_platform_coverage_p30,E_mean,0,
H3_legal_frequency_p30,O_final,H3_platform_coverage_p30,O_final,0,
H3_legal_frequency_p30,O_final,H3_legal_accuracy_p30,E_mean,0,
H3_legal_frequency_p30,O_final,H3_legal_accuracy_p30,O_final,0,
H3_legal_frequency_p30,O_final,H3_platform_accuracy_p30,E_mean,0,
H3_legal_frequency_p30,O_final,H3_platform_accuracy_p30,O_final,0,
H3_legal_frequency_p30,O_final,H3_legal_coverage_p50,E_mean,0,
H3_legal_frequency_p30,O_final,H3_legal_coverage_p50,O_final,0,
H3_legal_frequency_p30,O_final,H3_legal_frequency_p50,E_mean,0,
H3_legal_frequency_p30,O_final,H3_legal_frequency_p50,O_final,0,
H3_legal_frequency_p30,O_final,H3_platform_coverage_p50,E_mean,0,
H3_legal_frequency_p30,O_final,H3_platform_coverage_p50,O_final,0,
H3_legal_frequency_p30,O_final,H3_legal_accuracy_p50,E_mean,0,
H3_legal_frequency_p30,O_final,H3_legal_accuracy_p50,O_final,0,
H3_legal_frequency_p30,O_final,H3_platform_accuracy_p50,E_mean,0,
H3_legal_frequency_p30,O_final,H3_platform_accuracy_p50,O_final,0,
H3_platform_coverage_p30,E_mean,H3_legal_coverage_p10,E_mean,0,
H3_platform_coverage_p30,E_mean,H3_legal_coverage_p10,O_final,0,
H3_platform_coverage_p30,E_mean,H3_legal_frequency_p10,E_mean,0,
H3_platform_coverage_p30,E_mean,H3_legal_frequency_p10,O_final,0,
H3_platform_coverage_p30,E_mean,H3_platform_coverage_p10,E_mean,0,
H3_platform_coverage_p30,E_mean,H3_platform_coverage_p10,O_final,0,
H3_platform_coverage_p30,E_mean,H3_legal_accuracy_p10,E_mean,0,
H3_platform_coverage_p30,E_mean,H3_legal_accuracy_p10,O_final,0,
H3_platform_coverage_p30,E_mean,H3_platform_accuracy_p10,E_mean,0,
H3_platform_coverage_p30,E_mean,H3_platform_accuracy_p10,O_final,0,
H3_platform_coverage_p30,E_mean,H3_legal_coverage_p30,E_mean,0,
H3_platform_coverage_p30,E_mean,H3_legal_coverage_p30,O_final,0,
H3_platform_coverage_p30,E_mean,H3_legal_frequency_p30,E_mean,0,
H3_platform_coverage_p30,E_mean,H3_legal_frequency_p30,O_final,0,
H3_platform_coverage_p30,E_mean,H3_platform_coverage_p30,E_mean,0.430568641992,41;47
H3_platform_coverage_p30,E_mean,H3_platform_coverage_p30,O_final,0.30625816092,41;47
H3_platform_coverage_p30,E_mean,H3_legal_accuracy_p30,E_mean,0,
H3_platform_coverage_p30,E_mean,H3_legal_accuracy_p30,O_final,0,
H3_platform_coverage_p30,E_mean,H3_platform_accuracy_p30,E_mean,0,
H3_platform_coverage_p30,E_mean,H3_platform_accuracy_p30,O_final,0,
H3_platform_coverage_p30,E_mean,H3_legal_coverage_p50,E_mean,0,
H3_platform_coverage_p30,E_mean,H3_legal_coverage_p50,O_final,0,
H3_platform_coverage_p30,E_mean,H3_legal_frequency_p50,E_mean,0,
H3_platform_coverage_p30,E_mean,H3_legal_frequency_p50,O_final,0,
H3_platform_coverage_p30,E_mean,H3_platform_coverage_p50,E_mean,0,
H3_platform_coverage_p30,E_mean,H3_platform_coverage_p50,O_final,0,
H3_platform_coverage_p30,E_mean,H3_legal_accuracy_p50,E_mean,0,
H3_platform_coverage_p30,E_mean,H3_legal_accuracy_p50,O_final,0,
H3_platform_coverage_p30,E_mean,H3_platform_accuracy_p50,E_mean,0,
H3_platform_coverage_p30,E_mean,H3_platform_accuracy_p50,O_final,0,
H3_platform_coverage_p30,O_final,H3_legal_coverage_p10,E_mean,0,
H3_platform_coverage_p30,O_final,H3_legal_coverage_p10,O_final,0,
H3_platform_coverage_p30,O_final,H3_legal_frequency_p10,E_mean,0,
H3_platform_coverage_p30,O_final,H3_legal_frequency_p10,O_final,0,
H3_platform_coverage_p30,O_final,H3_platform_coverage_p10,E_mean,0,
H3_platform_coverage_p30,O_final,H3_platform_coverage_p10,O_final,0,
H3_platform_coverage_p30,O_final,H3_legal_accuracy_p10,E_mean,0,
H3_platform_coverage_p30,O_final,H3_legal_accuracy_p10,O_final,0,
H3_platform_coverage_p30,O_final,H3_platform_accuracy_p10,E_mean,0,
H3_platform_coverage_p30,O_final,H3_platform_accuracy_p10,O_final,0,
H3_platform_coverage_p30,O_final,H3_legal_coverage_p30,E_mean,0,
H3_platform_coverage_p30,O_final,H3_legal_coverage_p30,O_final,0,
H3_platform_coverage_p30,O_final,H3_legal_frequency_p30,E_mean,0,
H3_platform_coverage_p30,O_final,H3_legal_frequency_p30,O_final,0,
H3_platform_coverage_p30,O_final,H3_platform_coverage_p30,E_mean,0.30625816092,41;47
H3_platform_coverage_p30,O_final,H3_platform_coverage_p30,O_final,0.254137931034,41;47
H3_platform_coverage_p30,O_final,H3_legal_accuracy_p30,E_mean,0,
H3_platform_coverage_p30,O_final,H3_legal_accuracy_p30,O_final,0,
H3_platform_coverage_p30,O_final,H3_platform_accuracy_p30,E_mean,0,
H3_platform_coverage_p30,O_final,H3_platform_accuracy_p30,O_final,0,
H3_platform_coverage_p30,O_final,H3_legal_coverage_p50,E_mean,0,
H3_platform_coverage_p30,O_final,H3_legal_coverage_p50,O_final,0,
H3_platform_coverage_p30,O_final,H3_legal_frequency_p50,E_mean,0,
H3_platform_coverage_p30,O_final,H3_legal_frequency_p50,O_final,0,
H3_platform_coverage_p30,O_final,H3_platform_coverage_p50,E_mean,0,
H3_platform_coverage_p30,O_final,H3_platform_coverage_p50,O_final,0,
H3_platform_coverage_p30,O_final,H3_legal_accuracy_p50,E_mean,0,
H3_platform_coverage_p30,O_final,H3_legal_accuracy_p50,O_final,0,
H3_platform_coverage_p30,O_final,H3_platform_accuracy_p50,E_mean,0,
H3_platform_coverage_p30,O_final,H3_platform_accuracy_p50,O_final,0,
H3_legal_accuracy_p30,E_mean,H3_legal_coverage_p10,E_mean,0,
H3_legal_accuracy_p30,E_mean,H3_legal_coverage_p10,O_final,0,
H3_legal_accuracy_p30,E_mean,H3_legal_frequency_p10,E_mean,0,
H3_legal_accuracy_p30,E_mean,H3_legal_frequency_p10,O_final,0,
H3_legal_accuracy_p30,E_mean,H3_platform_coverage_p10,E_mean,0,
H3_legal_accuracy_p30,E_mean,H3_platform_coverage_p10,O_final,0,
H3_legal_accuracy_p30,E_mean,H3_legal_accuracy_p10,E_mean,0,
H3_legal_accuracy_p30,E_mean,H3_legal_accuracy_p10,O_final,0,
H3_legal_accuracy_p30,E_mean,H3_platform_accuracy_p10,E_mean,0,
H3_legal_accuracy_p30,E_mean,H3_platform_accuracy_p10,O_final,0,
H3_legal_accuracy_p30,E_mean,H3_legal_coverage_p30,E_mean,0,
H3_legal_accuracy_p30,E_mean,H3_legal_coverage_p30,O_final,0,
H3_legal_accuracy_p30,E_mean,H3_legal_frequency_p30,E_mean,0,
H3_legal_accuracy_p30,E_mean,H3_legal_frequency_p30,O_final,0,
H3_legal_accuracy_p30,E_mean,H3_platform_coverage_p30,E_mean,0,
H3_legal_accuracy_p30,E_mean,H3_platform_coverage_p30,O_final,0,
H3_legal_accuracy_p30,E_mean,H3_legal_accuracy_p30,E_mean,0.10035883295,66;67
H3_legal_accuracy_p30,E_mean,H3_legal_accuracy_p30,O_final,0.0233633563218,66;67
H3_legal_accuracy_p30,E_mean,H3_platform_accuracy_p30,E_mean,0,
H3_legal_accuracy_p30,E_mean,H3_platform_accuracy_p30,O_final,0,
H3_legal_accuracy_p30,E_mean,H3_legal_coverage_p50,E_mean,0,
H3_legal_accuracy_p30,E_mean,H3_legal_coverage_p50,O_final,0,
H3_legal_accuracy_p30,E_mean,H3_legal_frequency_p50,E_mean,0,
H3_legal_accuracy_p30,E_mean,H3_legal_frequency_p50,O_final,0,
H3_legal_accuracy_p30,E_mean,H3_platform_coverage_p50,E_mean,0,
H3_legal_accuracy_p30,E_mean,H3_platform_coverage_p50,O_final,0,
H3_legal_accuracy_p30,E_mean,H3_legal_accuracy_p50,E_mean,0,
H3_legal_accuracy_p30,E_mean,H3_legal_accuracy_p50,O_final,0,
H3_legal_accuracy_p30,E_mean,H3_platform_accuracy_p50,E_mean,0,
H3_legal_accuracy_p30,E_mean,H3_platform_accuracy_p50,O_final,0,
H3_legal_accuracy_p30,O_final,H3_legal_coverage_p10,E_mean,0,
H3_legal_accuracy_p30,O_final,H3_legal_coverage_p10,O_final,0,
H3_legal_accuracy_p30,O_final,H3_legal_frequency_p10,E_mean,0,
H3_legal_accuracy_p30,O_final,H3_legal_frequency_p10,O_final,0,
H3_legal_accuracy_p30,O_final,H3_platform_coverage_p10,E_mean,0,
H3_legal_accuracy_p30,O_final,H3_platform_coverage_p10,O_final,0,
H3_legal_accuracy_p30,O_final,H3_legal_accuracy_p10,E_mean,0,
H3_legal_accuracy_p30,O_final,H3_legal_accuracy_p10,O_final,0,
H3_legal_accuracy_p30,O_final,H3_platform_accuracy_p10,E_mean,0,
H3_legal_accuracy_p30,O_final,H3_platform_accuracy_p10,O_final,0,
H3_legal_accuracy_p30,O_final,H3_legal_coverage_p30,E_mean,0,
H3_legal_accuracy_p30,O_final,H3_legal_coverage_p30,O_final,0,
H3_legal_accuracy_p30,O_final,H3_legal_frequency_p30,E_mean,0,
H3_legal_accuracy_p30,O_final,H3_legal_frequency_p30,O_final,0,
H3_legal_accuracy_p30,O_final,H3_platform_coverage_p30,E_mean,0,
H3_legal_accuracy_p30,O_final,H3_platform_coverage_p30,O_final,0,
H3_legal_accuracy_p30,O_final,H3_legal_accuracy_p30,E_mean,0.0233633563218,66;67
H3_legal_accuracy_p30,O_final,H3_legal_accuracy_p30,O_final,0.0738528735632,66;67
H3_legal_accuracy_p30,O_final,H3_platform_accuracy_p30,E_mean,0,
H3_legal_accuracy_p30,O_final,H3_platform_accuracy_p30,O_final,0,
H3_legal_accuracy_p30,O_final,H3_legal_coverage_p50,E_mean,0,
H3_legal_accuracy_p30,O_final,H3_legal_coverage_p50,O_final,0,
H3_legal_accuracy_p30,O_final,H3_legal_frequency_p50,E_mean,0,
H3_legal_accuracy_p30,O_final,H3_legal_frequency_p50,O_final,0,
H3_legal_accuracy_p30,O_final,H3_platform_coverage_p50,E_mean,0,
H3_legal_accuracy_p30,O_final,H3_platform_coverage_p50,O_final,0,
H3_legal_accuracy_p30,O_final,H3_legal_accuracy_p50,E_mean,0,
H3_legal_accuracy_p30,O_final,H3_legal_accuracy_p50,O_final,0,
H3_legal_accuracy_p30,O_final,H3_platform_accuracy_p50,E_mean,0,
H3_legal_accuracy_p30,O_final,H3_platform_accuracy_p50,O_final,0,
H3_platform_accuracy_p30,E_mean,H3_legal_coverage_p10,E_mean,0,
H3_platform_accuracy_p30,E_mean,H3_legal_coverage_p10,O_final,0,
H3_platform_accuracy_p30,E_mean,H3_legal_frequency_p10,E_mean,0,
H3_platform_accuracy_p30,E_mean,H3_legal_frequency_p10,O_final,0,
H3_platform_accuracy_p30,E_mean,H3_platform_coverage_p10,E_mean,0,
H3_platform_accuracy_p30,E_mean,H3_platform_coverage_p10,O_final,0,
H3_platform_accuracy_p30,E_mean,H3_legal_accuracy_p10,E_mean,0,
H3_platform_accuracy_p30,E_mean,H3_legal_accuracy_p10,O_final,0,
H3_platform_accuracy_p30,E_mean,H3_platform_accuracy_p10,E_mean,0,
H3_platform_accuracy_p30,E_mean,H3_platform_accuracy_p10,O_final,0,
H3_platform_accuracy_p30,E_mean,H3_legal_coverage_p30,E_mean,0,
H3_platform_accuracy_p30,E_mean,H3_legal_coverage_p30,O_final,0,
H3_platform_accuracy_p30,E_mean,H3_legal_frequency_p30,E_mean,0,
H3_platform_accuracy_p30,E_mean,H3_legal_frequency_p30,O_final,0,
H3_platform_accuracy_p30,E_mean,H3_platform_coverage_p30,E_mean,0,
H3_platform_accuracy_p30,E_mean,H3_platform_coverage_p30,O_final,0,
H3_platform_accuracy_p30,E_mean,H3_legal_accuracy_p30,E_mean,0,
H3_platform_accuracy_p30,E_mean,H3_legal_accuracy_p30,O_final,0,
H3_platform_accuracy_p30,E_mean,H3_platform_accuracy_p30,E_mean,0.000727624980843,43;45
H3_platform_accuracy_p30,E_mean,H3_platform_accuracy_p30,O_final,-0.000186689655172,43;45
H3_platform_accuracy_p30,E_mean,H3_legal_coverage_p50,E_mean,0,
H3_platform_accuracy_p30,E_mean,H3_legal_coverage_p50,O_final,0,
H3_platform_accuracy_p30,E_mean,H3_legal_frequency_p50,E_mean,0,
H3_platform_accuracy_p30,E_mean,H3_legal_frequency_p50,O_final,0,
H3_platform_accuracy_p30,E_mean,H3_platform_coverage_p50,E_mean,0,
H3_platform_accuracy_p30,E_mean,H3_platform_coverage_p50,O_final,0,
H3_platform_accuracy_p30,E_mean,H3_legal_accuracy_p50,E_mean,0,
H3_platform_accuracy_p30,E_mean,H3_legal_accuracy_p50,O_final,0,
H3_platform_accuracy_p30,E_mean,H3_platform_accuracy_p50,E_mean,0,
H3_platform_accuracy_p30,E_mean,H3_platform_accuracy_p50,O_final,0,
H3_platform_accuracy_p30,O_final,H3_legal_coverage_p10,E_mean,0,
H3_platform_accuracy_p30,O_final,H3_legal_coverage_p10,O_final,0,
H3_platform_accuracy_p30,O_final,H3_legal_frequency_p10,E_mean,0,
H3_platform_accuracy_p30,O_final,H3_legal_frequency_p10,O_final,0,
H3_platform_accuracy_p30,O_final,H3_platform_coverage_p10,E_mean,0,
H3_platform_accuracy_p30,O_final,H3_platform_coverage_p10,O_final,0,
H3_platform_accuracy_p30,O_final,H3_legal_accuracy_p10,E_mean,0,
H3_platform_accuracy_p30,O_final,H3_legal_accuracy_p10,O_final,0,
H3_platform_accuracy_p30,O_final,H3_platform_accuracy_p10,E_mean,0,
H3_platform_accuracy_p30,O_final,H3_platform_accuracy_p10,O_final,0,
H3_platform_accuracy_p30,O_final,H3_legal_coverage_p30,E_mean,0,
H3_platform_accuracy_p30,O_final,H3_legal_coverage_p30,O_final,0,
H3_platform_accuracy_p30,O_final,H3_legal_frequency_p30,E_mean,0,
H3_platform_accuracy_p30,O_final,H3_legal_frequency_p30,O_final,0,
H3_platform_accuracy_p30,O_final,H3_platform_coverage_p30,E_mean,0,
H3_platform_accuracy_p30,O_final,H3_platform_coverage_p30,O_final,0,
H3_platform_accuracy_p30,O_final,H3_legal_accuracy_p30,E_mean,0,
H3_platform_accuracy_p30,O_final,H3_legal_accuracy_p30,O_final,0,
H3_platform_accuracy_p30,O_final,H3_platform_accuracy_p30,E_mean,-0.000186689655172,43;45
H3_platform_accuracy_p30,O_final,H3_platform_accuracy_p30,O_final,0.0163804597701,43;45
H3_platform_accuracy_p30,O_final,H3_legal_coverage_p50,E_mean,0,
H3_platform_accuracy_p30,O_final,H3_legal_coverage_p50,O_final,0,
H3_platform_accuracy_p30,O_final,H3_legal_frequency_p50,E_mean,0,
H3_platform_accuracy_p30,O_final,H3_legal_frequency_p50,O_final,0,
H3_platform_accuracy_p30,O_final,H3_platform_coverage_p50,E_mean,0,
H3_platform_accuracy_p30,O_final,H3_platform_coverage_p50,O_final,0,
H3_platform_accuracy_p30,O_final,H3_legal_accuracy_p50,E_mean,0,
H3_platform_accuracy_p30,O_final,H3_legal_accuracy_p50,O_final,0,
H3_platform_accuracy_p30,O_final,H3_platform_accuracy_p50,E_mean,0,
H3_platform_accuracy_p30,O_final,H3_platform_accuracy_p50,O_final,0,
H3_legal_coverage_p50,E_mean,H3_legal_coverage_p10,E_mean,0,
H3_legal_coverage_p50,E_mean,H3_legal_coverage_p10,O_final,0,
H3_legal_coverage_p50,E_mean,H3_legal_frequency_p10,E_mean,0,
H3_legal_coverage_p50,E_mean,H3_legal_frequency_p10,O_final,0,
H3_legal_coverage_p50,E_mean,H3_platform_coverage_p10,E_mean,0,
H3_legal_coverage_p50,E_mean,H3_platform_coverage_p10,O_final,0,
H3_legal_coverage_p50,E_mean,H3_legal_accuracy_p10,E_mean,0,
H3_legal_coverage_p50,E_mean,H3_legal_accuracy_p10,O_final,0,
H3_legal_coverage_p50,E_mean,H3_platform_accuracy_p10,E_mean,0,
H3_legal_coverage_p50,E_mean,H3_platform_accuracy_p10,O_final,0,
H3_legal_coverage_p50,E_mean,H3_legal_coverage_p30,E_mean,0,
H3_legal_coverage_p50,E_mean,H3_legal_coverage_p30,O_final,0,
H3_legal_coverage_p50,E_mean,H3_legal_frequency_p30,E_mean,0,
H3_legal_coverage_p50,E_mean,H3_legal_frequency_p30,O_final,0,
H3_legal_coverage_p50,E_mean,H3_platform_coverage_p30,E_mean,0,
H3_legal_coverage_p50,E_mean,H3_platform_coverage_p30,O_final,0,
H3_legal_coverage_p50,E_mean,H3_legal_accuracy_p30,E_mean,0,
H3_legal_coverage_p50,E_mean,H3_legal_accuracy_p30,O_final,0,
H3_legal_coverage_p50,E_mean,H3_platform_accuracy_p30,E_mean,0,
H3_legal_coverage_p50,E_mean,H3_platform_accuracy_p30,O_final,0,
H3_legal_coverage_p50,E_mean,H3_legal_coverage_p50,E_mean,0.0799010743295,23;29
H3_legal_coverage_p50,E_mean,H3_legal_coverage_p50,O_final,0.0480372720307,23;29
H3_legal_coverage_p50,E_mean,H3_legal_frequency_p50,E_mean,0,
H3_legal_coverage_p50,E_mean,H3_legal_frequency_p50,O_final,0,
H3_legal_coverage_p50,E_mean,H3_platform_coverage_p50,E_mean,0,
H3_legal_coverage_p50,E_mean,H3_platform_coverage_p50,O_final,0,
H3_legal_coverage_p50,E_mean,H3_legal_accuracy_p50,E_mean,0,
H3_legal_coverage_p50,E_mean,H3_legal_accuracy_p50,O_final,0,
H3_legal_coverage_p50,E_mean,H3_platform_accuracy_p50,E_mean,0,
H3_legal_coverage_p50,E_mean,H3_platform_accuracy_p50,O_final,0,
H3_legal_coverage_p50,O_final,H3_legal_coverage_p10,E_mean,0,
H3_legal_coverage_p50,O_final,H3_legal_coverage_p10,O_final,0,
H3_legal_coverage_p50,O_final,H3_legal_frequency_p10,E_mean,0,
H3_legal_coverage_p50,O_final,H3_legal_frequency_p10,O_final,0,
H3_legal_coverage_p50,O_final,H3_platform_coverage_p10,E_mean,0,
H3_legal_coverage_p50,O_final,H3_platform_coverage_p10,O_final,0,
H3_legal_coverage_p50,O_final,H3_legal_accuracy_p10,E_mean,0,
H3_legal_coverage_p50,O_final,H3_legal_accuracy_p10,O_final,0,
H3_legal_coverage_p50,O_final,H3_platform_accuracy_p10,E_mean,0,
H3_legal_coverage_p50,O_final,H3_platform_accuracy_p10,O_final,0,
H3_legal_coverage_p50,O_final,H3_legal_coverage_p30,E_mean,0,
H3_legal_coverage_p50,O_final,H3_legal_coverage_p30,O_final,0,
H3_legal_coverage_p50,O_final,H3_legal_frequency_p30,E_mean,0,
H3_legal_coverage_p50,O_final,H3_legal_frequency_p30,O_final,0,
H3_legal_coverage_p50,O_final,H3_platform_coverage_p30,E_mean,0,
H3_legal_coverage_p50,O_final,H3_platform_coverage_p30,O_final,0,
H3_legal_coverage_p50,O_final,H3_legal_accuracy_p30,E_mean,0,
H3_legal_coverage_p50,O_final,H3_legal_accuracy_p30,O_final,0,
H3_legal_coverage_p50,O_final,H3_platform_accuracy_p30,E_mean,0,
H3_legal_coverage_p50,O_final,H3_platform_accuracy_p30,O_final,0,
H3_legal_coverage_p50,O_final,H3_legal_coverage_p50,E_mean,0.0480372720307,23;29
H3_legal_coverage_p50,O_final,H3_legal_coverage_p50,O_final,0.145249808429,23;29
H3_legal_coverage_p50,O_final,H3_legal_frequency_p50,E_mean,0,
H3_legal_coverage_p50,O_final,H3_legal_frequency_p50,O_final,0,
H3_legal_coverage_p50,O_final,H3_platform_coverage_p50,E_mean,0,
H3_legal_coverage_p50,O_final,H3_platform_coverage_p50,O_final,0,
H3_legal_coverage_p50,O_final,H3_legal_accuracy_p50,E_mean,0,
H3_legal_coverage_p50,O_final,H3_legal_accuracy_p50,O_final,0,
H3_legal_coverage_p50,O_final,H3_platform_accuracy_p50,E_mean,0,
H3_legal_coverage_p50,O_final,H3_platform_accuracy_p50,O_final,0,
H3_legal_frequency_p50,E_mean,H3_legal_coverage_p10,E_mean,0,
H3_legal_frequency_p50,E_mean,H3_legal_coverage_p10,O_final,0,
H3_legal_frequency_p50,E_mean,H3_legal_frequency_p10,E_mean,0,
H3_legal_frequency_p50,E_mean,H3_legal_frequency_p10,O_final,0,
H3_legal_frequency_p50,E_mean,H3_platform_coverage_p10,E_mean,0,
H3_legal_frequency_p50,E_mean,H3_platform_coverage_p10,O_final,0,
H3_legal_frequency_p50,E_mean,H3_legal_accuracy_p10,E_mean,0,
H3_legal_frequency_p50,E_mean,H3_legal_accuracy_p10,O_final,0,
H3_legal_frequency_p50,E_mean,H3_platform_accuracy_p10,E_mean,0,
H3_legal_frequency_p50,E_mean,H3_platform_accuracy_p10,O_final,0,
H3_legal_frequency_p50,E_mean,H3_legal_coverage_p30,E_mean,0,
H3_legal_frequency_p50,E_mean,H3_legal_coverage_p30,O_final,0,
H3_legal_frequency_p50,E_mean,H3_legal_frequency_p30,E_mean,0,
H3_legal_frequency_p50,E_mean,H3_legal_frequency_p30,O_final,0,
H3_legal_frequency_p50,E_mean,H3_platform_coverage_p30,E_mean,0,
H3_legal_frequency_p50,E_mean,H3_platform_coverage_p30,O_final,0,
H3_legal_frequency_p50,E_mean,H3_legal_accuracy_p30,E_mean,0,
H3_legal_frequency_p50,E_mean,H3_legal_accuracy_p30,O_final,0,
H3_legal_frequency_p50,E_mean,H3_platform_accuracy_p30,E_mean,0,
H3_legal_frequency_p50,E_mean,H3_platform_accuracy_p30,O_final,0,
H3_legal_frequency_p50,E_mean,H3_legal_coverage_p50,E_mean,0,
H3_legal_frequency_p50,E_mean,H3_legal_coverage_p50,O_final,0,
H3_legal_frequency_p50,E_mean,H3_legal_frequency_p50,E_mean,0.0239316789272,25;27
H3_legal_frequency_p50,E_mean,H3_legal_frequency_p50,O_final,0.0024469348659,25;27
H3_legal_frequency_p50,E_mean,H3_platform_coverage_p50,E_mean,0,
H3_legal_frequency_p50,E_mean,H3_platform_coverage_p50,O_final,0,
H3_legal_frequency_p50,E_mean,H3_legal_accuracy_p50,E_mean,0,
H3_legal_frequency_p50,E_mean,H3_legal_accuracy_p50,O_final,0,
H3_legal_frequency_p50,E_mean,H3_platform_accuracy_p50,E_mean,0,
H3_legal_frequency_p50,E_mean,H3_platform_accuracy_p50,O_final,0,
H3_legal_frequency_p50,O_final,H3_legal_coverage_p10,E_mean,0,
H3_legal_frequency_p50,O_final,H3_legal_coverage_p10,O_final,0,
H3_legal_frequency_p50,O_final,H3_legal_frequency_p10,E_mean,0,
H3_legal_frequency_p50,O_final,H3_legal_frequency_p10,O_final,0,
H3_legal_frequency_p50,O_final,H3_platform_coverage_p10,E_mean,0,
H3_legal_frequency_p50,O_final,H3_platform_coverage_p10,O_final,0,
H3_legal_frequency_p50,O_final,H3_legal_accuracy_p10,E_mean,0,
H3_legal_frequency_p50,O_final,H3_legal_accuracy_p10,O_final,0,
H3_legal_frequency_p50,O_final,H3_platform_accuracy_p10,E_mean,0,
H3_legal_frequency_p50,O_final,H3_platform_accuracy_p10,O_final,0,
H3_legal_frequency_p50,O_final,H3_legal_coverage_p30,E_mean,0,
H3_legal_frequency_p50,O_final,H3_legal_coverage_p30,O_final,0,
H3_legal_frequency_p50,O_final,H3_legal_frequency_p30,E_mean,0,
H3_legal_frequency_p50,O_final,H3_legal_frequency_p30,O_final,0,
H3_legal_frequency_p50,O_final,H3_platform_coverage_p30,E_mean,0,
H3_legal_frequency_p50,O_final,H3_platform_coverage_p30,O_final,0,
H3_legal_frequency_p50,O_final,H3_legal_accuracy_p30,E_mean,0,
H3_legal_frequency_p50,O_final,H3_legal_accuracy_p30,O_final,0,
H3_legal_frequency_p50,O_final,H3_platform_accuracy_p30,E_mean,0,
H3_legal_frequency_p50,O_final,H3_platform_accuracy_p30,O_final,0,
H3_legal_frequency_p50,O_final,H3_legal_coverage_p50,E_mean,0,
H3_legal_frequency_p50,O_final,H3_legal_coverage_p50,O_final,0,
H3_legal_frequency_p50,O_final,H3_legal_frequency_p50,E_mean,0.0024469348659,25;27
H3_legal_frequency_p50,O_final,H3_legal_frequency_p50,O_final,0.0556053639847,25;27
H3_legal_frequency_p50,O_final,H3_platform_coverage_p50,E_mean,0,
H3_legal_frequency_p50,O_final,H3_platform_coverage_p50,O_final,0,
H3_legal_frequency_p50,O_final,H3_legal_accuracy_p50,E_mean,0,
H3_legal_frequency_p50,O_final,H3_legal_accuracy_p50,O_final,0,
H3_legal_frequency_p50,O_final,H3_platform_accuracy_p50,E_mean,0,
H3_legal_frequency_p50,O_final,H3_platform_accuracy_p50,O_final,0,
H3_platform_coverage_p50,E_mean,H3_legal_coverage_p10,E_mean,0,
H3_platform_coverage_p50,E_mean,H3_legal_coverage_p10,O_final,0,
H3_platform_coverage_p50,E_mean,H3_legal_frequency_p10,E_mean,0,
H3_platform_coverage_p50,E_mean,H3_legal_frequency_p10,O_final,0,
H3_platform_coverage_p50,E_mean,H3_platform_coverage_p10,E_mean,0,
H3_platform_coverage_p50,E_mean,H3_platform_coverage_p10,O_final,0,
H3_platform_coverage_p50,E_mean,H3_legal_accuracy_p10,E_mean,0,
H3_platform_coverage_p50,E_mean,H3_legal_accuracy_p10,O_final,0,
H3_platform_coverage_p50,E_mean,H3_platform_accuracy_p10,E_mean,0,
H3_platform_coverage_p50,E_mean,H3_platform_accuracy_p10,O_final,0,
H3_platform_coverage_p50,E_mean,H3_legal_coverage_p30,E_mean,0,
H3_platform_coverage_p50,E_mean,H3_legal_coverage_p30,O_final,0,
H3_platform_coverage_p50,E_mean,H3_legal_frequency_p30,E_mean,0,
H3_platform_coverage_p50,E_mean,H3_legal_frequency_p30,O_final,0,
H3_platform_coverage_p50,E_mean,H3_platform_coverage_p30,E_mean,0,
H3_platform_coverage_p50,E_mean,H3_platform_coverage_p30,O_final,0,
H3_platform_coverage_p50,E_mean,H3_legal_accuracy_p30,E_mean,0,
H3_platform_coverage_p50,E_mean,H3_legal_accuracy_p30,O_final,0,
H3_platform_coverage_p50,E_mean,H3_platform_accuracy_p30,E_mean,0,
H3_platform_coverage_p50,E_mean,H3_platform_accuracy_p30,O_final,0,
H3_platform_coverage_p50,E_mean,H3_legal_coverage_p50,E_mean,0,
H3_platform_coverage_p50,E_mean,H3_legal_coverage_p50,O_final,0,
H3_platform_coverage_p50,E_mean,H3_legal_frequency_p50,E_mean,0,
H3_platform_coverage_p50,E_mean,H3_legal_frequency_p50,O_final,0,
H3_platform_coverage_p50,E_mean,H3_platform_coverage_p50,E_mean,0.540162485364,50;56
H3_platform_coverage_p50,E_mean,H3_platform_coverage_p50,O_final,0.227454229885,50;56
H3_platform_coverage_p50,E_mean,H3_legal_accuracy_p50,E_mean,0,
H3_platform_coverage_p50,E_mean,H3_legal_accuracy_p50,O_final,0,
H3_platform_coverage_p50,E_mean,H3_platform_accuracy_p50,E_mean,0,
H3_platform_coverage_p50,E_mean,H3_platform_accuracy_p50,O_final,0,
H3_platform_coverage_p50,O_final,H3_legal_coverage_p10,E_mean,0,
H3_platform_coverage_p50,O_final,H3_legal_coverage_p10,O_final,0,
H3_platform_coverage_p50,O_final,H3_legal_frequency_p10,E_mean,0,
H3_platform_coverage_p50,O_final,H3_legal_frequency_p10,O_final,0,
H3_platform_coverage_p50,O_final,H3_platform_coverage_p10,E_mean,0,
H3_platform_coverage_p50,O_final,H3_platform_coverage_p10,O_final,0,
H3_platform_coverage_p50,O_final,H3_legal_accuracy_p10,E_mean,0,
H3_platform_coverage_p50,O_final,H3_legal_accuracy_p10,O_final,0,
H3_platform_coverage_p50,O_final,H3_platform_accuracy_p10,E_mean,0,
H3_platform_coverage_p50,O_final,H3_platform_accuracy_p10,O_final,0,
H3_platform_coverage_p50,O_final,H3_legal_coverage_p30,E_mean,0,
H3_platform_coverage_p50,O_final,H3_legal_coverage_p30,O_final,0,
H3_platform_coverage_p50,O_final,H3_legal_frequency_p30,E_mean,0,
H3_platform_coverage_p50,O_final,H3_legal_frequency_p30,O_final,0,
H3_platform_coverage_p50,O_final,H3_platform_coverage_p30,E_mean,0,
H3_platform_coverage_p50,O_final,H3_platform_coverage_p30,O_final,0,
H3_platform_coverage_p50,O_final,H3_legal_accuracy_p30,E_mean,0,
H3_platform_coverage_p50,O_final,H3_legal_accuracy_p30,O_final,0,
H3_platform_coverage_p50,O_final,H3_platform_accuracy_p30,E_mean,0,
H3_platform_coverage_p50,O_final,H3_platform_accuracy_p30,O_final,0,
H3_platform_coverage_p50,O_final,H3_legal_coverage_p50,E_mean,0,
H3_platform_coverage_p50,O_final,H3_legal_coverage_p50,O_final,0,
H3_platform_coverage_p50,O_final,H3_legal_frequency_p50,E_mean,0,
H3_platform_coverage_p50,O_final,H3_legal_frequency_p50,O_final,0,
H3_platform_coverage_p50,O_final,H3_platform_coverage_p50,E_mean,0.227454229885,50;56
H3_platform_coverage_p50,O_final,H3_platform_coverage_p50,O_final,0.125160536398,50;56
H3_platform_coverage_p50,O_final,H3_legal_accuracy_p50,E_mean,0,
H3_platform_coverage_p50,O_final,H3_legal_accuracy_p50,O_final,0,
H3_platform_coverage_p50,O_final,H3_platform_accuracy_p50,E_mean,0,
H3_platform_coverage_p50,O_final,H3_platform_accuracy_p50,O_final,0,
H3_legal_accuracy_p50,E_mean,H3_legal_coverage_p10,E_mean,0,
H3_legal_accuracy_p50,E_mean,H3_legal_coverage_p10,O_final,0,
H3_legal_accuracy_p50,E_mean,H3_legal_frequency_p10,E_mean,0,
H3_legal_accuracy_p50,E_mean,H3_legal_frequency_p10,O_final,0,
H3_legal_accuracy_p50,E_mean,H3_platform_coverage_p10,E_mean,0,
H3_legal_accuracy_p50,E_mean,H3_platform_coverage_p10,O_final,0,
H3_legal_accuracy_p50,E_mean,H3_legal_accuracy_p10,E_mean,0,
H3_legal_accuracy_p50,E_mean,H3_legal_accuracy_p10,O_final,0,
H3_legal_accuracy_p50,E_mean,H3_platform_accuracy_p10,E_mean,0,
H3_legal_accuracy_p50,E_mean,H3_platform_accuracy_p10,O_final,0,
H3_legal_accuracy_p50,E_mean,H3_legal_coverage_p30,E_mean,0,
H3_legal_accuracy_p50,E_mean,H3_legal_coverage_p30,O_final,0,
H3_legal_accuracy_p50,E_mean,H3_legal_frequency_p30,E_mean,0,
H3_legal_accuracy_p50,E_mean,H3_legal_frequency_p30,O_final,0,
H3_legal_accuracy_p50,E_mean,H3_platform_coverage_p30,E_mean,0,
H3_legal_accuracy_p50,E_mean,H3_platform_coverage_p30,O_final,0,
H3_legal_accuracy_p50,E_mean,H3_legal_accuracy_p30,E_mean,0,
H3_legal_accuracy_p50,E_mean,H3_legal_accuracy_p30,O_final,0,
H3_legal_accuracy_p50,E_mean,H3_platform_accuracy_p30,E_mean,0,
H3_legal_accuracy_p50,E_mean,H3_platform_accuracy_p30,O_final,0,
H3_legal_accuracy_p50,E_mean,H3_legal_coverage_p50,E_mean,0,
H3_legal_accuracy_p50,E_mean,H3_legal_coverage_p50,O_final,0,
H3_legal_accuracy_p50,E_mean,H3_legal_frequency_p50,E_mean,0,
H3_legal_accuracy_p50,E_mean,H3_legal_frequency_p50,O_final,0,
H3_legal_accuracy_p50,E_mean,H3_platform_coverage_p50,E_mean,0,
H3_legal_accuracy_p50,E_mean,H3_platform_coverage_p50,O_final,0,
H3_legal_accuracy_p50,E_mean,H3_legal_accuracy_p50,E_mean,0.0911777210728,68;69
H3_legal_accuracy_p50,E_mean,H3_legal_accuracy_p50,O_final,0.0345516398467,68;69
H3_legal_accuracy_p50,E_mean,H3_platform_accuracy_p50,E_mean,0,
H3_legal_accuracy_p50,E_mean,H3_platform_accuracy_p50,O_final,0,
H3_legal_accuracy_p50,O_final,H3_legal_coverage_p10,E_mean,0,
H3_legal_accuracy_p50,O_final,H3_legal_coverage_p10,O_final,0,
H3_legal_accuracy_p50,O_final,H3_legal_frequency_p10,E_mean,0,
H3_legal_accuracy_p50,O_final,H3_legal_frequency_p10,O_final,0,
H3_legal_accuracy_p50,O_final,H3_platform_coverage_p10,E_mean,0,
H3_legal_accuracy_p50,O_final,H3_platform_coverage_p10,O_final,0,
H3_legal_accuracy_p50,O_final,H3_legal_accuracy_p10,E_mean,0,
H3_legal_accuracy_p50,O_final,H3_legal_accuracy_p10,O_final,0,
H3_legal_accuracy_p50,O_final,H3_platform_accuracy_p10,E_mean,0,
H3_legal_accuracy_p50,O_final,H3_platform_accuracy_p10,O_final,0,
H3_legal_accuracy_p50,O_final,H3_legal_coverage_p30,E_mean,0,
H3_legal_accuracy_p50,O_final,H3_legal_coverage_p30,O_final,0,
H3_legal_accuracy_p50,O_final,H3_legal_frequency_p30,E_mean,0,
H3_legal_accuracy_p50,O_final,H3_legal_frequency_p30,O_final,0,
H3_legal_accuracy_p50,O_final,H3_platform_coverage_p30,E_mean,0,
H3_legal_accuracy_p50,O_final,H3_platform_coverage_p30,O_final,0,
H3_legal_accuracy_p50,O_final,H3_legal_accuracy_p30,E_mean,0,
H3_legal_accuracy_p50,O_final,H3_legal_accuracy_p30,O_final,0,
H3_legal_accuracy_p50,O_final,H3_platform_accuracy_p30,E_mean,0,
H3_legal_accuracy_p50,O_final,H3_platform_accuracy_p30,O_final,0,
H3_legal_accuracy_p50,O_final,H3_legal_coverage_p50,E_mean,0,
H3_legal_accuracy_p50,O_final,H3_legal_coverage_p50,O_final,0,
H3_legal_accuracy_p50,O_final,H3_legal_frequency_p50,E_mean,0,
H3_legal_accuracy_p50,O_final,H3_legal_frequency_p50,O_final,0,
H3_legal_accuracy_p50,O_final,H3_platform_coverage_p50,E_mean,0,
H3_legal_accuracy_p50,O_final,H3_platform_coverage_p50,O_final,0,
H3_legal_accuracy_p50,O_final,H3_legal_accuracy_p50,E_mean,0.0345516398467,68;69
H3_legal_accuracy_p50,O_final,H3_legal_accuracy_p50,O_final,0.102953639847,68;69
H3_legal_accuracy_p50,O_final,H3_platform_accuracy_p50,E_mean,0,
H3_legal_accuracy_p50,O_final,H3_platform_accuracy_p50,O_final,0,
H3_platform_accuracy_p50,E_mean,H3_legal_coverage_p10,E_mean,0,
H3_platform_accuracy_p50,E_mean,H3_legal_coverage_p10,O_final,0,
H3_platform_accuracy_p50,E_mean,H3_legal_frequency_p10,E_mean,0,
H3_platform_accuracy_p50,E_mean,H3_legal_frequency_p10,O_final,0,
H3_platform_accuracy_p50,E_mean,H3_platform_coverage_p10,E_mean,0,
H3_platform_accuracy_p50,E_mean,H3_platform_coverage_p10,O_final,0,
H3_platform_accuracy_p50,E_mean,H3_legal_accuracy_p10,E_mean,0,
H3_platform_accuracy_p50,E_mean,H3_legal_accuracy_p10,O_final,0,
H3_platform_accuracy_p50,E_mean,H3_platform_accuracy_p10,E_mean,0,
H3_platform_accuracy_p50,E_mean,H3_platform_accuracy_p10,O_final,0,
H3_platform_accuracy_p50,E_mean,H3_legal_coverage_p30,E_mean,0,
H3_platform_accuracy_p50,E_mean,H3_legal_coverage_p30,O_final,0,
H3_platform_accuracy_p50,E_mean,H3_legal_frequency_p30,E_mean,0,
H3_platform_accuracy_p50,E_mean,H3_legal_frequency_p30,O_final,0,
H3_platform_accuracy_p50,E_mean,H3_platform_coverage_p30,E_mean,0,
H3_platform_accuracy_p50,E_mean,H3_platform_coverage_p30,O_final,0,
H3_platform_accuracy_p50,E_mean,H3_legal_accuracy_p30,E_mean,0,
H3_platform_accuracy_p50,E_mean,H3_legal_accuracy_p30,O_final,0,
H3_platform_accuracy_p50,E_mean,H3_platform_accuracy_p30,E_mean,0,
H3_platform_accuracy_p50,E_mean,H3_platform_accuracy_p30,O_final,0,
H3_platform_accuracy_p50,E_mean,H3_legal_coverage_p50,E_mean,0,
H3_platform_accuracy_p50,E_mean,H3_legal_coverage_p50,O_final,0,
H3_platform_accuracy_p50,E_mean,H3_legal_frequency_p50,E_mean,0,
H3_platform_accuracy_p50,E_mean,H3_legal_frequency_p50,O_final,0,
H3_platform_accuracy_p50,E_mean,H3_platform_coverage_p50,E_mean,0,
H3_platform_accuracy_p50,E_mean,H3_platform_coverage_p50,O_final,0,
H3_platform_accuracy_p50,E_mean,H3_legal_accuracy_p50,E_mean,0,
H3_platform_accuracy_p50,E_mean,H3_legal_accuracy_p50,O_final,0,
H3_platform_accuracy_p50,E_mean,H3_platform_accuracy_p50,E_mean,0.00144078360153,52;54
H3_platform_accuracy_p50,E_mean,H3_platform_accuracy_p50,O_final,0.000165808429119,52;54
H3_platform_accuracy_p50,O_final,H3_legal_coverage_p10,E_mean,0,
H3_platform_accuracy_p50,O_final,H3_legal_coverage_p10,O_final,0,
H3_platform_accuracy_p50,O_final,H3_legal_frequency_p10,E_mean,0,
H3_platform_accuracy_p50,O_final,H3_legal_frequency_p10,O_final,0,
H3_platform_accuracy_p50,O_final,H3_platform_coverage_p10,E_mean,0,
H3_platform_accuracy_p50,O_final,H3_platform_coverage_p10,O_final,0,
H3_platform_accuracy_p50,O_final,H3_legal_accuracy_p10,E_mean,0,
H3_platform_accuracy_p50,O_final,H3_legal_accuracy_p10,O_final,0,
H3_platform_accuracy_p50,O_final,H3_platform_accuracy_p10,E_mean,0,
H3_platform_accuracy_p50,O_final,H3_platform_accuracy_p10,O_final,0,
H3_platform_accuracy_p50,O_final,H3_legal_coverage_p30,E_mean,0,
H3_platform_accuracy_p50,O_final,H3_legal_coverage_p30,O_final,0,
H3_platform_accuracy_p50,O_final,H3_legal_frequency_p30,E_mean,0,
H3_platform_accuracy_p50,O_final,H3_legal_frequency_p30,O_final,0,
H3_platform_accuracy_p50,O_final,H3_platform_coverage_p30,E_mean,0,
H3_platform_accuracy_p50,O_final,H3_platform_coverage_p30,O_final,0,
H3_platform_accuracy_p50,O_final,H3_legal_accuracy_p30,E_mean,0,
H3_platform_accuracy_p50,O_final,H3_legal_accuracy_p30,O_final,0,
H3_platform_accuracy_p50,O_final,H3_platform_accuracy_p30,E_mean,0,
H3_platform_accuracy_p50,O_final,H3_platform_accuracy_p30,O_final,0,
H3_platform_accuracy_p50,O_final,H3_legal_coverage_p50,E_mean,0,
H3_platform_accuracy_p50,O_final,H3_legal_coverage_p50,O_final,0,
H3_platform_accuracy_p50,O_final,H3_legal_frequency_p50,E_mean,0,
H3_platform_accuracy_p50,O_final,H3_legal_frequency_p50,O_final,0,
H3_platform_accuracy_p50,O_final,H3_platform_coverage_p50,E_mean,0,
H3_platform_accuracy_p50,O_final,H3_platform_coverage_p50,O_final,0,
H3_platform_accuracy_p50,O_final,H3_legal_accuracy_p50,E_mean,0,
H3_platform_accuracy_p50,O_final,H3_legal_accuracy_p50,O_final,0,
H3_platform_accuracy_p50,O_final,H3_platform_accuracy_p50,E_mean,0.000165808429119,52;54
H3_platform_accuracy_p50,O_final,H3_platform_accuracy_p50,O_final,0.0214961685824,52;54
