comparison_id,family,actor,p0,stratum,outcome,method,positive_input,negative_input,estimate,expected_sign,estimate_20,row_ci95_low,row_ci95_high,row_valid_resamples,mc_ci95_low,mc_ci95_high,mc_valid_resamples,row_interval_direction
H2_legal_legal_strength_minus_alpha_legal_p10,H2,legal,10,legal_p010,E_mean,PAWN_median_10_bins,legal-strength,alpha_legal,0.318,positive,0.317,0.237234071795,0.350838702997,1000,0.315,0.325,1000,positive
O_companion_legal_legal_strength_minus_alpha_legal_p10,O_companion,legal,10,legal_p010,O_final,PAWN_median_10_bins,legal-strength,alpha_legal,0.077,not_hypothesized,0.077,0.00654933935088,0.154438546588,1000,0.066,0.088,1000,positive
H2_legal_legal_response_time_minus_alpha_legal_p10,H2,legal,10,legal_p010,E_mean,PAWN_median_10_bins,legal-response-time,alpha_legal,0.123,positive,0.125,0.0501478302159,0.184430211282,1000,0.118,0.132,1000,positive
O_companion_legal_legal_response_time_minus_alpha_legal_p10,O_companion,legal,10,legal_p010,O_final,PAWN_median_10_bins,legal-response-time,alpha_legal,0.012,not_hypothesized,0.016,-0.0499520650652,0.106051417388,1000,0.001,0.025,1000,unresolved
H2_legal_legal_strength_minus_alpha_legal_p30,H2,legal,30,legal_p030,E_mean,PAWN_median_10_bins,legal-strength,alpha_legal,0.339,positive,0.338,0.259443619752,0.36874459204,1000,0.336,0.344,1000,positive
O_companion_legal_legal_strength_minus_alpha_legal_p30,O_companion,legal,30,legal_p030,O_final,PAWN_median_10_bins,legal-strength,alpha_legal,0.108,not_hypothesized,0.103,0.0170394074013,0.171681368415,1000,0.098,0.117,1000,positive
H2_legal_legal_response_time_minus_alpha_legal_p30,H2,legal,30,legal_p030,E_mean,PAWN_median_10_bins,legal-response-time,alpha_legal,0.114,positive,0.113,0.0400425728827,0.167763643575,1000,0.11,0.12,1000,positive
O_companion_legal_legal_response_time_minus_alpha_legal_p30,O_companion,legal,30,legal_p030,O_final,PAWN_median_10_bins,legal-response-time,alpha_legal,0.051,not_hypothesized,0.049,-0.0214173227518,0.116955861924,1000,0.041975,0.059,1000,unresolved
H2_legal_legal_strength_minus_alpha_legal_p50,H2,legal,50,legal_p050,E_mean,PAWN_median_10_bins,legal-strength,alpha_legal,0.36,positive,0.361,0.275677044148,0.378970950291,1000,0.355,0.362,1000,positive
O_companion_legal_legal_strength_minus_alpha_legal_p50,O_companion,legal,50,legal_p050,O_final,PAWN_median_10_bins,legal-strength,alpha_legal,0.121,not_hypothesized,0.126,0.0418885785362,0.185195345745,1000,0.11,0.133,1000,positive
H2_legal_legal_response_time_minus_alpha_legal_p50,H2,legal,50,legal_p050,E_mean,PAWN_median_10_bins,legal-response-time,alpha_legal,0.116,positive,0.116,0.0365243155548,0.160502736409,1000,0.111,0.12,1000,positive
O_companion_legal_legal_response_time_minus_alpha_legal_p50,O_companion,legal,50,legal_p050,O_final,PAWN_median_10_bins,legal-response-time,alpha_legal,0.069,not_hypothesized,0.079,-0.00447077150284,0.142992004851,1000,0.057,0.081,1000,unresolved
H2_platform_platform_speed_minus_alpha_platform_p10,H2,platform,10,platform_p010,E_mean,PAWN_median_10_bins,platform-speed,alpha_platform,0.442,positive,0.448,0.372978721346,0.460524218021,1000,0.439,0.454,1000,positive
O_companion_platform_platform_speed_minus_alpha_platform_p10,O_companion,platform,10,platform_p010,O_final,PAWN_median_10_bins,platform-speed,alpha_platform,0.344,not_hypothesized,0.345,0.294842465951,0.413487399458,1000,0.341,0.353,1000,positive
H2_platform_platform_speed_minus_alpha_platform_p30,H2,platform,30,platform_p030,E_mean,PAWN_median_10_bins,platform-speed,alpha_platform,0.49,positive,0.489,0.411675564518,0.504108597604,1000,0.486,0.495,1000,positive
O_companion_platform_platform_speed_minus_alpha_platform_p30,O_companion,platform,30,platform_p030,O_final,PAWN_median_10_bins,platform-speed,alpha_platform,0.359,not_hypothesized,0.355,0.30349635248,0.417805644405,1000,0.35,0.37,1000,positive
H2_platform_platform_speed_minus_alpha_platform_p50,H2,platform,50,platform_p050,E_mean,PAWN_median_10_bins,platform-speed,alpha_platform,0.503,positive,0.499,0.428646055528,0.519142720437,1000,0.498,0.508025,1000,positive
O_companion_platform_platform_speed_minus_alpha_platform_p50,O_companion,platform,50,platform_p050,O_final,PAWN_median_10_bins,platform-speed,alpha_platform,0.38,not_hypothesized,0.378,0.317824057976,0.419248321737,1000,0.361,0.38,1000,positive
