lhs_point_id,unit_legal_strength,unit_legal_response_time,unit_alpha_legal,legal-strength,legal-response-time,alpha_legal,review_capacity_at_N1000
1,0.9775454603075742,0.6335852027004162,0.37808252684969723,97.86681872921955,13,87.56165053699394,979
2,0.7859008062943552,0.26511273707031163,0.8255836495058064,79.66057659796374,6,96.51167299011612,797
3,0.20133531181769107,0.307071462573156,0.8527512777187675,24.12685462268065,7,97.05502555437535,241
4,0.9513384671994174,0.4624300423491861,0.5385320683269965,95.37715438394466,10,90.77064136653993,954
5,0.1721951186281971,0.8988733240298817,0.6327997586019843,21.358536269678726,18,92.65599517203968,214
6,0.22659784979804662,0.34353917282806595,0.5453285849188184,26.526795730814428,7,90.90657169837637,265
7,0.09349284901024046,0.21597937328123917,0.25805097582201564,13.881820655972843,5,85.16101951644032,139
8,0.25230578469539117,0.06639569709088847,0.7918969622598732,28.96904954606216,2,95.83793924519746,290
9,0.9477974491818828,0.8861274217188148,0.23905880556786133,95.04075767227887,18,84.78117611135723,950
10,0.7576640023305277,0.7280835383936708,0.8761595541808919,76.97808022140013,15,97.52319108361783,770
11,0.3197816091685138,0.5960347562516886,0.48246932289158584,35.37925287100881,12,89.64938645783172,354
12,0.0680426143408248,0.14854152909887547,0.7047707009683215,11.464048362378357,3,94.09541401936643,115
13,0.8045940555782006,0.48846563956704087,0.09934374038474174,81.43643527992906,10,81.98687480769483,814
14,0.1741956333873539,0.6906295945864589,0.5021967089608688,21.54858517179862,14,90.04393417921737,215
15,0.7896902037358646,0.35913048475895737,0.08352163767945896,80.02056935490714,8,81.67043275358918,800
16,0.2400506624670073,0.5780987276921665,0.5632802733141171,27.804812934365692,12,91.26560546628234,278
17,0.08207207784385277,0.6848050456506389,0.24739792142922434,12.796847395166013,14,84.94795842858449,128
18,0.24842514733935794,0.8141831654596281,0.5820508371346705,28.600388997239005,17,91.64101674269341,286
19,0.5832929334507266,0.08832423639872254,0.8697511894489798,60.41282867781903,2,97.3950237889796,604
20,0.9333723294956365,0.08029531574094424,0.5916381493324935,93.67037130208547,2,91.83276298664987,937
21,0.42150871100675114,0.4451233291932041,0.17629607994554142,45.04332754564136,9,83.52592159891083,450
22,0.48385978950126896,0.8121802418268541,0.7455484290109021,50.96668000262055,17,94.91096858021804,510
23,0.19739099968234733,0.02312646012383765,0.37310795948118836,23.752144969822997,1,87.46215918962376,238
24,0.38891645410874676,0.7762851344633286,0.06164940866813586,41.94706314033094,16,81.23298817336271,419
25,0.4143221169873963,0.3961583277116159,0.7648248393193626,44.360601113802645,8,95.29649678638725,444
26,0.3394587861294593,0.7474417689874854,0.6315614318080801,37.248584682298635,15,92.63122863616161,372
27,0.5352511766759445,0.6008086963232879,0.03754972123526903,55.848861784214726,13,80.75099442470538,558
28,0.008705934498811341,0.17150413383351612,0.8794260490252039,5.827063777387077,4,97.58852098050409,58
29,0.6037785638115998,0.881257080025537,0.06328032231955788,62.35896356210198,18,81.26560644639116,624
30,0.12453598243592134,0.789881688497226,0.6481881956490038,16.830918331412526,16,92.96376391298007,168
31,0.5922319675801867,0.05386488993906815,0.7817121387582412,61.26203692011774,2,95.63424277516482,613
32,0.4798520182510843,0.9157788866906549,0.5644180245692209,50.58594173385301,19,91.28836049138442,506
33,0.9013747810660101,0.9417545360285724,0.46919507843801694,90.63060420127096,19,89.38390156876034,906
34,0.6081482057434229,0.7269045140240576,0.4053792411183699,62.77407954562517,15,88.1075848223674,628
35,0.182525625416158,0.6525411169069743,0.48554119228173404,22.33993441453501,14,89.71082384563468,223
36,0.07909354919929909,0.8615006655899514,0.33569535446755117,12.513887173933414,18,86.71390708935103,125
37,0.7652477235438703,0.7251460271710445,0.96860560626402,77.69853373666767,15,99.37211212528041,777
38,0.7868833458453757,0.3457362846331429,0.07703191381577007,79.75391785531069,7,81.5406382763154,798
39,0.6464546686813164,0.36663892478865034,0.6288093059184582,66.41319352472506,8,92.57618611836917,664
40,0.35405060348557,0.9356758960985747,0.05080831793872917,38.634807331129146,19,81.01616635877458,386
41,0.4651737343972874,0.29078186906511133,0.2026944124238858,49.1915047677423,6,84.05388824847772,492
42,0.4465957873666057,0.055662636023974046,0.19040447067788566,47.42659979982754,2,83.80808941355771,474
43,0.9921383873549215,0.45629095355760463,0.5090532838882587,99.25314679871755,10,90.18106567776518,993
44,0.2934429202438945,0.002970026393580586,0.34422038591608645,32.87707742316998,1,86.88440771832173,329
45,0.6510187282553441,0.8012159669606215,0.668562107551174,66.84677918425768,17,93.37124215102348,668
46,0.2787451595117714,0.563800958735289,0.025379884758298516,31.480790153618287,12,80.50759769516597,315
47,0.31172954424016164,0.5475634776601186,0.9135465907666327,34.614306702815355,11,98.27093181533266,346
48,0.9755049531618897,0.5613206473674728,0.9832623924256422,97.67297055037952,12,99.66524784851285,977
49,0.6440170454112898,0.5453481223402947,0.7129175150427127,66.18161931407252,11,94.25835030085426,662
50,0.3832964656215831,0.3703343720722408,0.9512964949922146,41.41316423405039,8,99.0259298998443,414
51,0.9394226003534044,0.6192343708503765,0.09736792274095722,94.24514703357342,13,81.94735845481914,942
52,0.8897303118594425,0.7170884203186102,0.6229065876195337,89.52437962664703,15,92.45813175239067,895
53,0.19914553144589267,0.39210047276752236,0.1201465358570862,23.918825487359804,8,82.40293071714173,239
54,0.6537630710805848,0.6563215417304787,0.7769014591602837,67.10749175265556,14,95.53802918320568,671
55,0.3094118696330772,0.59930640490169,0.5189664944098558,34.39412761514234,12,90.37932988819712,344
56,0.28776332794362824,0.4920657625673923,0.9876477399996093,32.33751615464468,10,99.75295479999218,323
57,0.1514395903750873,0.569402640979658,0.6091860263249219,19.386761085633296,12,92.18372052649843,194
58,0.8943436965426276,0.23683914239294535,0.08855711134399251,89.96265117154962,5,81.77114222687985,900
59,0.7330272379593505,0.6648942193021827,0.8327753045728331,74.6375876061383,14,96.65550609145666,746
60,0.34285628069606294,0.5331582053441938,0.8974901916458793,37.57134666612598,11,97.94980383291758,376
61,0.6163226277643655,0.6951590116541373,0.62049387275758,63.550649637614725,14,92.4098774551516,636
62,0.5800637923335935,0.8285519284291643,0.6506157268662247,60.10606027169138,17,93.0123145373245,601
63,0.7632373624516936,0.14763914795628458,0.41569616630234685,77.50754943291089,3,88.31392332604693,775
64,0.8815766324060997,0.6610561171559595,0.01592091642962544,88.74978007857948,14,80.31841832859251,887
65,0.7245909724270323,0.12895995946786468,0.017399872893245457,73.83614238056806,3,80.3479974578649,738
66,0.8719214499282456,0.6554281534883929,0.9285749694122681,87.83253774318334,14,98.57149938824537,878
67,0.7701549456607841,0.11258030605401839,0.009279445372810953,78.1647198377745,3,80.18558890745622,782
68,0.4750123016764307,0.5170572017615864,0.9526994752086426,50.12616865926092,11,99.05398950417285,501
69,0.5155689885133284,0.36836085623828396,0.31690771507317617,53.979053908766204,8,86.33815430146352,540
70,0.025836416929840077,0.3832897169503789,0.27354014709809327,7.454459608334807,8,85.47080294196186,75
71,0.9379089667816348,0.6832548031322808,0.012815843827464948,94.1013518442553,14,80.2563168765493,941
72,0.15921843819371229,0.2602674667661754,0.5241037193663787,20.125751628402668,6,90.48207438732757,201
73,0.22354741303721684,0.01607701768569766,0.2891237990918037,26.2370042385356,1,85.78247598183607,262
74,0.49627515183013576,0.7645757929911453,0.31189636597115616,52.1461394238629,16,86.23792731942312,521
75,0.29176128545232943,0.9386101201628779,0.02192887743058988,32.71732211797129,19,80.4385775486118,327
76,0.06420193333023824,0.12639738539622755,0.4776055024257517,11.099183666372632,3,89.55211004851503,111
77,0.8628237875012734,0.15783362437620335,0.0005376837286848917,86.96825981262097,4,80.01075367457369,870
78,0.5244260874933011,0.9893647714375159,0.8021191643962278,54.8204783118636,20,96.04238328792455,548
79,0.3227127304397613,0.2389285985905719,0.3243202799625253,35.65770939177732,5,86.4864055992505,357
80,0.09583657575571677,0.21711838456818816,0.2988937404922701,14.104474696793094,5,85.9778748098454,141
81,0.9824114497056724,0.24732904666031774,0.5049052530988686,98.32908772203888,5,90.09810506197738,983
82,0.5118635098534898,0.6302814233185194,0.7544937796996537,53.62703343608153,13,95.08987559399307,536
83,0.9588949638214758,0.8266490709788301,0.7226132218946535,96.09502156304019,17,94.45226443789306,961
84,0.7699580097156461,0.49734439116275236,0.16251933371982913,78.14601092298638,10,83.25038667439658,781
85,0.25938326289277996,0.9954136020355302,0.10696268505961204,29.641409974814096,20,82.13925370119225,296
86,0.9611039383943577,0.030600846267799468,0.7513086878292909,96.30487414746398,1,95.02617375658582,963
87,0.7309517026351684,0.8458955934971603,0.9238536143547981,74.440411750341,17,98.47707228709596,744
88,0.7978938393825642,0.416021722058807,0.7490667447023829,80.7999147413436,9,94.98133489404766,808
89,0.45548383884051297,0.9763733609034626,0.2705406271751282,48.27096468984873,20,85.41081254350256,483
90,0.7661150950628374,0.961269486513036,0.8234947128748771,77.78093403096955,20,96.46989425749754,778
91,0.8680344232342826,0.19023547635809027,0.7463632680629488,87.46327020725684,4,94.92726536125897,875
92,0.3979842278351843,0.9584216198216005,0.032920588647977304,42.808501644342506,20,80.65841177295954,428
93,0.2501628227727048,0.9200664789328458,0.7931580825023274,28.765468163406954,19,95.86316165004655,288
94,0.9969918510974471,0.0757311947494515,0.2944118297390753,99.71422585425748,2,85.8882365947815,997
95,0.8830599321051257,0.1064745689378321,0.9739637646148416,88.89069354998693,3,99.47927529229683,889
96,0.16409855939735757,0.2868450152965526,0.5427447707786391,20.58936314274897,6,90.85489541557278,206
97,0.5326573225822632,0.7737221164906786,0.24591925280084537,55.602445645315,16,84.9183850560169,556
98,0.15281525381167715,0.12500816810436902,0.7258413415989853,19.51744911210933,3,94.5168268319797,195
99,0.5945109953863362,0.3302339318356817,0.5161073458756039,61.478544561701945,7,90.32214691751207,615
100,0.638955473776485,0.282515304648499,0.9807411226496199,65.70077000876607,6,99.6148224529924,657
101,0.19174613747083397,0.25343586543118407,0.11795827736006374,23.215883059729226,6,82.35916554720127,232
102,0.9726298376444652,0.8365473844323545,0.8270759417955148,97.3998345762242,17,96.5415188359103,974
103,0.9274277119455112,0.6796753299409455,0.9364218783632966,93.10563263482356,14,98.72843756726593,931
104,0.8970765977525109,0.3761831145909013,0.44165446574908046,90.22227678648854,8,88.8330893149816,902
105,0.875649675369213,0.5118541775566716,0.7189710493388425,88.18671916007524,11,94.37942098677685,882
106,0.13976436398351666,0.024958798618590454,0.9973105959973809,18.277614578434083,1,99.94621191994761,183
107,0.6653832963392228,0.11576674988387796,0.2355330915042198,68.21141315222616,3,84.71066183008439,682
108,0.3815582871889453,0.3331625711832631,0.8507553607075572,41.2480372829498,7,97.01510721415114,412
109,0.4801671309361503,0.8651571625594323,0.24109516398487404,50.615877438934284,18,84.82190327969748,506
110,0.23293952756002048,0.9985783718403025,0.3835683180304093,27.129255118201947,20,87.67136636060819,271
111,0.6995407387966206,0.2666645055739895,0.38690973523195726,71.45637018567896,6,87.73819470463914,715
112,0.5034829509503286,0.0055158325387016875,0.4028056910448031,52.83088034028121,1,88.05611382089606,528
113,0.5067424114899938,0.9975126681890968,0.7104719587186832,53.14052909154941,20,94.20943917437367,531
114,0.5381024404714218,0.21865557008901765,0.10021328696223025,56.119731844785065,5,82.0042657392446,561
115,0.5658091835643264,0.1948614638218055,0.14296538270802692,58.75187243861101,4,82.85930765416055,588
116,0.21345044266275476,0.8678216730924352,0.3492513018853397,25.2777920529617,18,86.98502603770679,253
117,0.5862848733745634,0.5407112276245385,0.15451148836724882,60.69706297058352,11,83.09022976734498,607
118,0.11720177377880413,0.1390357965489968,0.766010303179101,16.13416850898639,3,95.32020606358202,161
119,0.4925679546387539,0.015008423708919697,0.3430598576193555,51.79395569068162,1,86.8611971523871,518
120,0.9409181194130619,0.6428365172576177,0.4527791045773627,94.38722134424088,13,89.05558209154725,944
121,0.1941867030517559,0.28508804263196663,0.08605382664905825,23.44773678991681,6,81.72107653298116,234
122,0.14499310545088792,0.04961205395848669,0.4708972254016544,18.774345017834353,1,89.41794450803309,188
123,0.6116025481496332,0.007730824038735006,0.5068589709245195,63.102242074215155,1,90.13717941849039,631
124,0.2763307442605689,0.48415745254270653,0.4160927231165957,31.251420704754047,10,88.32185446233191,313
125,0.8591612124029968,0.1621662522995886,0.22406897453252259,86.6203151782847,4,84.48137949065045,866
126,0.2677758688338967,0.9854026888513338,0.8921226094603152,30.438707539220186,20,97.84245218920631,304
127,0.3418771729675565,0.6922944878556481,0.42201367487189956,37.478331431917866,14,88.44027349743799,375
128,0.5969232375937075,0.29519176168178485,0.9911485501938362,61.70770757140221,6,99.82297100387672,617
129,0.5571957089072672,0.3377294111973041,0.6857693155186363,57.93359234619039,7,93.71538631037272,579
130,0.48740356843710925,0.3003721173382483,0.9620428062186513,51.30333900152538,7,99.24085612437302,513
131,0.5490581535256669,0.8245831493052658,0.6050829643926647,57.16052458493836,17,92.1016592878533,572
132,0.955165048916387,0.23269597215809595,0.12668937420851153,95.74067964705677,5,82.53378748417023,957
133,0.6159063035327214,0.3579408616695586,0.6527973851048167,63.51109883560853,8,93.05594770209633,635
134,0.39800107281608793,0.5396276594808269,0.039031054806044865,42.81010191752836,11,80.7806210961209,428
135,0.15526976823096106,0.5887102921944745,0.6767006328401209,19.7506279819413,12,93.53401265680242,198
136,0.8669482738406494,0.3624242497104294,0.935921145999677,87.3600860148617,8,98.71842291999354,874
137,0.3067723678540488,0.5224173043127696,0.5337373515729666,34.14337494613464,11,90.67474703145933,341
138,0.4506950845316732,0.9865746580510619,0.3680168376339674,47.816033030508954,20,87.36033675267934,478
139,0.44564178368157814,0.7945358080743654,0.36513515319360773,47.335969449749925,16,87.30270306387216,473
140,0.4337177630551886,0.3096575010334471,0.18869144294900903,46.20318749024292,7,83.77382885898018,462
141,0.6972452966235603,0.5516350888443055,0.6941719678581127,71.23830317923823,12,93.88343935716226,712
142,0.372421555738018,0.24238966036279144,0.6721927494421375,40.38004779511171,5,93.44385498884274,404
143,0.0007692928341300768,0.6514198669187682,0.8747929153076909,5.073082819242357,14,97.49585830615382,51
144,0.30057448048301055,0.5309722449353248,0.6559239612256558,33.554575645886004,11,93.11847922451312,336
145,0.25592338585964575,0.19874792216715492,0.33866518800808865,29.312721656666344,4,86.77330376016177,293
146,0.3768583538316815,0.6493798966120383,0.26654434867807714,40.80154361400974,13,85.33088697356155,408
147,0.40686145005675456,0.18767295787040605,0.15068365623683597,43.65183775539168,4,83.01367312473673,437
148,0.36119740863986927,0.9367941317037423,0.18761921527028472,39.31375382078758,19,83.7523843054057,393
149,0.84518709507876,0.8321050265194309,0.9786739375097843,85.2927740324822,17,99.57347875019569,853
150,0.662861179449986,0.5420867758992447,0.7944054681328024,67.97181204774867,11,95.88810936265605,680
151,0.9029679246775569,0.21235110549626468,0.5814600157206833,90.78195284436791,5,91.62920031441367,908
152,0.8992076976882047,0.03917544284367194,0.04329330271523836,90.42473128037945,1,80.86586605430476,904
153,0.8532130938201599,0.034054871332920705,0.8679317958406275,86.05524391291519,1,97.35863591681255,861
154,0.999831881067944,0.9812409677235533,0.7291734092369878,99.98402870145468,20,94.58346818473976,1000
155,0.13512802952335762,0.38989178355254644,0.318457452750852,17.83716280471897,8,86.36914905501703,178
156,0.44868256170407644,0.5535566217932644,0.3840615527652788,47.624843361887265,12,87.68123105530557,476
157,0.7596649880148545,0.02842639075380308,0.6162659649162843,77.16817386141118,1,92.32531929832568,772
158,0.8168214553949027,0.8488802090640718,0.6431532414604492,82.59803826251576,17,92.86306482920898,826
159,0.007058588498402995,0.7027895089912077,0.785423078473441,5.670565907348284,15,95.70846156946882,57
160,0.8236670598460031,0.6668868903834554,0.5738295605430811,83.24837068537029,14,91.47659121086163,832
161,0.6854616191967859,0.09794249200213388,0.945301161123608,70.11885382369466,2,98.90602322247216,701
162,0.5017111937719337,0.3039496321403861,0.6373845101113619,52.6625634083337,7,92.74769020222723,527
163,0.9150663332356105,0.25457792983759325,0.5867795246113278,91.931301657383,6,91.73559049222655,919
164,0.15735576166244186,0.20120333116885458,0.3085502694140396,19.948797357931976,5,86.17100538828079,199
165,0.3215411245404558,0.15516057602484043,0.8389770771641926,35.546406831343305,4,96.77954154328386,355
166,0.43858476376402766,0.8522756059914054,0.5130849788519262,46.66555255758263,18,90.26169957703853,467
167,0.21024102531343178,0.723778571186553,0.06673143414245028,24.97289740477602,15,81.334628682849,250
168,0.49916472115304483,0.6138712454746498,0.8008230588250637,52.42064850953926,13,96.01646117650128,524
169,0.3538187781450685,0.4759276797886703,0.8288422150482988,38.61278392378151,10,96.57684430096597,386
170,0.5528568442126713,0.8344852275645296,0.046633468847943504,57.52140020020378,17,80.93266937695887,575
171,0.7116739364768566,0.3056110926322507,0.49001955328311847,72.60902396530138,7,89.80039106566237,726
172,0.5264564557673728,0.12332161597918842,0.427370489196916,55.01336329790041,3,88.54740978393832,550
173,0.5917873147828249,0.184587311998991,0.5011908630188583,61.219794904368364,4,90.02381726037717,612
174,0.2143418995640236,0.23139744480437652,0.05682404401264489,25.362480458582244,5,81.1364808802529,254
175,0.45844671474945187,0.45307924667738425,0.011680424100920076,48.552437901197926,10,80.2336084820184,486
176,0.9051622237754986,0.7676584356370486,0.17200593349473556,90.99041125867237,16,83.44011866989472,910
177,0.4915641605112676,0.7040197237040692,0.2232067666442828,51.69859524857042,15,84.46413533288566,517
178,0.29683205730417855,0.6728418246097698,0.4288553885252219,33.19904544389696,14,88.57710777050444,332
179,0.5738850168966577,0.5822007370741558,0.3145064748196908,59.519076605182484,12,86.29012949639382,595
180,0.673962265952273,0.8846937193282266,0.5348167484137026,69.02641526546594,18,90.69633496827406,690
181,0.7019556152295786,0.04358164569468497,0.8068915298562112,71.68578344680996,1,96.13783059712422,717
182,0.3854019950131334,0.1351545895489646,0.06570066017934457,41.61318952624767,3,81.3140132035869,416
183,0.9791512088061712,0.7938323104657643,0.20637631927482494,98.01936483658626,16,84.1275263854965,980
184,0.2316860346621268,0.5854914232470286,0.5299665587195623,27.010173292902046,12,90.59933117439124,270
185,0.05226386826869222,0.9921728726305433,0.5772094437859351,9.965067485525761,20,91.5441888757187,100
186,0.11055074115654608,0.8753840632783111,0.034122512309964874,15.502320409871878,18,80.6824502461993,155
187,0.6689333446932663,0.7182947322905302,0.4818213359953476,68.54866774586029,15,89.63642671990695,685
188,0.9092153059193716,0.13219411299561323,0.6812735717425282,91.3754540623403,3,93.62547143485057,914
189,0.07460331215653322,0.907388621335354,0.4136720766473668,12.087314654870656,19,88.27344153294733,121
190,0.42264332717354136,0.2806364576698397,0.9753687138274493,45.15111608148643,6,99.50737427654899,452
191,0.7124995237709246,0.2978300262056019,0.36137062613835436,72.68745475823783,6,87.22741252276708,727
192,0.6907499243727934,0.5022348195814463,0.47436100396630426,70.62124281541537,11,89.48722007932608,706
193,0.038783642702714276,0.7557246655336269,0.16629752870882236,8.684446056757857,16,83.32595057417645,87
194,0.7477584777703121,0.5049592397805384,0.9549150263917373,76.03705538817965,11,99.09830052783474,760
195,0.537530433286611,0.2342105165782031,0.3515098422990192,56.065391162228046,5,87.03019684598038,561
196,0.7064445475233699,0.7838616350104787,0.9003067209681317,72.11223201472015,16,98.00613441936264,721
197,0.6312657311678844,0.751670522864842,0.23278605027445465,64.97024446094902,16,84.6557210054891,650
198,0.2424709775319059,0.22483142238679915,0.909747892292761,28.03474286553106,5,98.19495784585521,280
199,0.4697903946471489,0.3781389035885682,0.22000069704366215,49.630087491479145,8,84.40001394087324,496
200,0.8391142803022138,0.566847823022984,0.1298732858874211,84.71585662871031,12,82.59746571774842,847
201,0.6950884227549432,0.5249683372993647,0.8371809501413295,71.0334001617196,11,96.74361900282659,710
202,0.36983252685753293,0.5946830799260052,0.09317705695427017,40.13409005146563,12,81.8635411390854,401
203,0.5798480868289099,0.4186613888618411,0.8409173927174047,60.08556824874644,9,96.81834785434809,601
204,0.11576933480657219,0.7343778652713358,0.46289606537460015,15.998086806624357,15,89.257921307492,160
205,0.042646411645469666,0.09171093032618502,0.7099171308039849,9.051409106319618,2,94.1983426160797,91
206,0.8491844643268606,0.7533434652591635,0.665050168359988,85.67252411105176,16,93.30100336719975,857
207,0.1630062554871327,0.8709194538474294,0.1194511099649339,20.485594271277606,18,82.38902219929868,205
208,0.808380169891505,0.6625057079738335,0.613518955324376,81.79611613969297,14,92.27037910648752,818
209,0.1310000601634783,0.9223006760245844,0.4088581747646097,17.445005715530435,19,88.17716349529219,174
210,0.8354655894120689,0.9680552283570129,0.9498514380277252,84.36923099414655,20,98.9970287605545,844
211,0.3702594117695929,0.10812849602446181,0.03181195715019281,40.17464411811133,3,80.63623914300386,402
212,0.28131802173901765,0.43184020499708087,0.6822176657163459,31.725212065206676,9,93.64435331432692,317
213,0.6891227635435677,0.1672703907118828,0.8633587321251595,70.46666253663894,4,97.26717464250319,705
214,0.14707660867434263,0.6768186522778589,0.9982077309403575,18.97227782406255,14,99.96415461880716,190
215,0.971739171597588,0.7740062918888652,0.0553071997490915,97.31522130177086,16,81.10614399498184,973
216,0.8651008621382179,0.008750274620803961,0.4540374234022313,87.1845819031307,1,89.08074846804462,872
217,0.8182503889439218,0.06911846943350476,0.2281612338985886,82.73378694967256,2,84.56322467797177,827
218,0.42979698341753014,0.17294848676459776,0.895471530161858,45.83071342466536,4,97.90943060323715,458
219,0.8766540884462793,0.4400719727511786,0.782717457720414,88.28213840239654,9,95.65434915440828,883
220,0.7518833248014112,0.5749595063451552,0.3523895098158428,76.42891585613407,12,87.04779019631685,764
221,0.6580220591959006,0.32057275399506024,0.35887939349378695,67.51209562361055,7,87.17758786987574,675
222,0.29584226541018094,0.3394227694681899,0.44541515006023324,33.10501521396719,7,88.90830300120467,331
223,0.3284016059175891,0.9047984779260098,0.6863266612661939,36.19815256217096,19,93.72653322532388,362
224,0.34845580334984766,0.4469170864459342,0.1398734603104285,38.10330131823553,9,82.79746920620858,381
225,0.6017644553166366,0.519612600184744,0.9609914510042843,62.16762325508048,11,99.21982902008568,622
226,0.09702828334221128,0.43657658160801,0.4942453970693868,14.217686917510072,9,89.88490794138774,142
227,0.9211643717152818,0.8239702382914755,0.0685823686235998,92.51061531295177,17,81.371647372472,925
228,0.2058612259346455,0.3122893478074799,0.7633400602501914,24.556816463791325,7,95.26680120500383,246
229,0.9567615030487123,0.06326685160891032,0.6077444013995925,95.89234278962768,2,92.15488802799184,959
230,0.02161422006651366,0.7595194546714333,0.6623742761103332,7.053350906318798,16,93.24748552220666,71
231,0.17185168516406166,0.9254313263006744,0.026040451708121047,21.325910090585857,19,80.52080903416243,213
232,0.529309407015887,0.6861631567088343,0.1084573538512376,55.28439366650927,14,82.16914707702475,553
233,0.4708330040323003,0.29279282505352944,0.08412392626451991,49.729135383068524,6,81.68247852529039,497
234,0.2650671734619489,0.2758052514006628,0.7420792258156294,30.181381478885147,6,94.8415845163126,302
235,0.9136996718698814,0.8176527099858992,0.715284084528893,91.80146882763874,17,94.30568169057786,918
236,0.43145873088135506,0.8072543699048138,0.9436832212407754,45.98857943372873,17,98.8736644248155,460
237,0.41625288297936536,0.2049021594959555,0.5857652366921542,44.544023883039706,5,91.71530473384308,445
238,0.7943547652071017,0.240936569204281,0.27653206385687523,80.46370269467467,5,85.5306412771375,805
239,0.09060356978603537,0.9306237368982744,0.915564003869723,13.60733912967336,19,98.31128007739446,136
240,0.484505078638391,0.45095041271224373,0.18039329625543618,51.027982470647146,10,83.60786592510873,510
241,0.12114355038349223,0.1687899953098686,0.2820891889656891,16.508637286431764,4,85.64178377931378,165
242,0.6831320011096956,0.03683407319984367,0.19234080458648106,69.89754010542109,1,83.84681609172962,699
243,0.02802514982532596,0.47255862643693897,0.7030714632212908,7.662389233405966,10,94.06142926442581,77
244,0.6795905845824194,0.9098682722248307,0.447291813153053,69.56110553532984,19,88.94583626306107,696
245,0.6183485715568179,0.8102284714894591,0.028403812053790077,63.7431142978977,17,80.5680762410758,637
246,0.3338931221601649,0.059970495655653454,0.38805178890270564,36.719846605215665,2,87.76103577805411,367
247,0.13659553108196854,0.808004644405163,0.023287941830739557,17.97657545278701,17,80.4657588366148,180
248,0.6332902862063314,0.9278733806583082,0.8735307323228749,65.16257718960148,19,97.4706146464575,652
249,0.8479685489721501,0.41487398166299494,0.21613444722078343,85.55701215235426,9,84.32268894441567,856
250,0.6071131046768669,0.19668768940647688,0.21051094487976574,62.67574494430235,4,84.21021889759531,627
251,0.012042374793760257,0.056569912956742234,0.7308476908670009,6.144025605407224,2,94.61695381734002,61
252,0.17869868319354495,0.4606938212272648,0.598935488148423,21.97637490338677,10,91.97870976296846,220
253,0.8868447167785671,0.9460643647223418,0.4353093264438904,89.25024809396388,19,88.70618652887781,893
254,0.5760425080017453,0.34153736306531973,0.39019672440403447,59.7240382601658,7,87.80393448808069,597
255,0.350648597598569,0.3530091611197586,0.13221379488956717,38.31161677186405,8,82.64427589779135,383
256,0.004788886862357135,0.5761465031861168,0.540556862916907,5.454944251923928,12,90.81113725833814,55
257,0.19203020407597043,0.04053711672380167,0.8915773417956688,23.24286938721719,1,97.83154683591337,232
258,0.7429788807890261,0.9711465363612636,0.5543340454890733,75.58299367495748,20,91.08668090978146,756
259,0.022977044279645847,0.01984419819672588,0.7071885837098852,7.182819206566355,1,94.14377167419771,72
260,0.1664399447006693,0.916910351566825,0.7007608332491827,20.811794746563585,19,94.01521666498365,208
261,0.30554742375402333,0.7435555887491978,0.28144360282688874,34.027005256632215,15,85.62887205653777,340
262,0.643796737286449,0.14214554055772355,0.9587897624225532,66.16069004221265,3,99.17579524845107,662
263,0.11968608878715127,0.33522186729094716,0.5111646994790234,16.37017843477937,7,90.22329398958047,164
264,0.39564663423391455,0.7802409842355357,0.7265326866814615,42.58643025222188,16,94.53065373362924,426
265,0.2859326142161416,0.8832832595806025,0.9891174105884576,32.16359835053345,18,99.78234821176915,322
266,0.7803483101490414,0.4664506667028017,0.07022665646874575,79.13308946415893,10,81.40453312937491,791
267,0.02675212029210335,0.4872574946825049,0.9266539099060956,7.541451427749818,10,98.53307819812191,75
268,0.11383192410724549,0.7311555431452872,0.8572502962856227,15.814032790188321,15,97.14500592571245,158
269,0.522153353138851,0.46441366416989643,0.43608753432452185,54.60456854819085,10,88.72175068649044,546
270,0.7775713878125351,0.4225876619561578,0.005673838794811219,78.86928184219083,9,80.11347677589623,789
271,0.49510680059708306,0.5934254482535964,0.37012660845031925,52.035146056722894,12,87.40253216900638,520
272,0.08869582138377205,0.9820558824578213,0.641300418992703,13.426103031458345,20,92.82600837985406,134
273,0.7358254471933307,0.7147838196147104,0.8341204369163739,74.90341748336641,15,96.68240873832748,749
274,0.245948161624678,0.22964431004646496,0.6987712830147338,28.36507535434441,5,93.97542566029468,284
275,0.12699343652743084,0.5551981393885606,0.9415688853092108,17.064376470105927,12,98.83137770618421,171
276,0.6719852628751689,0.17826666247997316,0.6355068916115261,68.83859997314104,4,92.71013783223052,688
277,0.8001907207463087,0.9564419849394249,0.2059821283640108,81.01811847089932,20,84.11964256728021,810
278,0.21656838965929784,0.07821526807164164,0.6464103821809327,25.573997017633296,2,92.92820764361865,256
279,0.6775827324799318,0.0730980763291656,0.4333430066248635,69.37035958559352,2,88.66686013249728,694
280,0.5580845448474573,0.42190330485128197,0.9171115160603298,58.01803176050844,9,98.3422303212066,580
281,0.3873238885088488,0.9908722453303527,0.007311079795239034,41.79576940834064,20,80.14622159590478,418
282,0.5755131522607062,0.1404095109409678,0.5964694268930985,59.67374946476709,3,91.92938853786197,597
283,0.8435503825121521,0.6221708105957282,0.62485049602973,85.13728633865445,13,92.49700992059459,851
284,0.3171496859690296,0.4901225441754796,0.42057819315310346,35.12922016705781,10,88.41156386306207,351
285,0.6245203623595695,0.5806238078908029,0.6660126672230606,64.3294344241591,12,93.32025334446121,643
286,0.03270355914363832,0.9438935547779801,0.1975124576339687,8.10683811864564,19,83.95024915267938,81
287,0.5175625111367369,0.28936399753204367,0.5704239190697974,54.16843855799001,6,91.40847838139595,542
288,0.6235484360598506,0.07196988974708902,0.3963415964474567,64.23710142568581,2,87.92683192894913,642
289,0.7610881742209473,0.8592920881120899,0.6936148208701896,77.30337655099,18,93.87229641740379,773
290,0.9318626366888385,0.6272779875440637,0.002713998399124211,93.52695048543966,13,80.05427996798248,935
291,0.5613992783103979,0.7122221247259904,0.7372102093212539,58.3329314394878,15,94.74420418642508,583
292,0.5182568734106324,0.557085791726061,0.3376386759870335,54.23440297401008,12,86.75277351974067,542
293,0.9455769109366245,0.20760682660943194,0.881452712308545,94.82980653897933,5,97.62905424617091,948
294,0.06604974278356515,0.8680334839435334,0.16142155934641195,11.27472556443869,18,83.22843118692823,113
295,0.2883857078122453,0.6693195700771011,0.9760398397787561,32.39664224216331,14,99.52079679557512,324
296,0.9188338220224235,0.6393165093948726,0.18472835912837524,92.28921309213023,13,83.69456718256751,923
297,0.1683922966558724,0.07665940955907154,0.269219362995132,20.997268182307877,2,85.38438725990264,210
298,0.40982645073586055,0.7690836212015338,0.21477109986198006,43.93351281990675,16,84.2954219972396,439
299,0.3794468278318009,0.4982130278731179,0.5239818448454837,41.04744864402109,10,90.47963689690968,410
300,0.7192251289349919,0.17784422965309193,0.7526597311677853,73.32638724882423,4,95.05319462335571,733
301,0.7926159558022566,0.9504176000977228,0.6186231545578436,80.29851580121438,20,92.37246309115687,803
302,0.5205445003750482,0.9665815138952801,0.14760328750860724,54.45172753562958,20,82.95206575017214,545
303,0.7537039728249146,0.03224705948494195,0.8425574049553167,76.6018774183669,1,96.85114809910634,766
304,0.9348132107391468,0.4072707910669088,0.3567880271540886,93.80725502021895,9,87.13576054308177,938
305,0.3157119366775095,0.27770401601753614,0.5699015041290253,34.99263398436341,6,91.3980300825805,350
306,0.9291306989968153,0.45972565847569397,0.9852131005874465,93.26741640469746,10,99.70426201174894,933
307,0.8110568415762751,0.5004663444041545,0.8863042681483252,82.05039994974614,11,97.7260853629665,821
308,0.9537577013572686,0.8918615456086812,0.3946747996840776,95.60698162894052,18,87.89349599368155,956
309,0.6122812280156574,0.013250318037091903,0.6747830582077889,63.166716661487456,1,93.49566116415578,632
310,0.16161377179172745,0.0985427383131538,0.17993467925968443,20.353308320214108,2,83.59869358519369,204
311,0.010009004448908562,0.5276658965393569,0.3202453626782474,5.950855422646313,11,86.40490725356494,60
312,0.545199760856298,0.5095753078057097,0.3306383073004027,56.793977281348305,11,86.61276614600806,568
313,0.24662207930643365,0.535023865688156,0.18360403817322743,28.429097534111197,11,83.67208076346455,284
314,0.41013756184848393,0.3615266101638359,0.07331466216421201,43.96306837560597,8,81.46629324328424,440
315,0.441538788548554,0.2034119166336426,0.6159996872035631,46.94618491211263,5,92.31999374407127,469
316,0.8562912521745193,0.9790636594515167,0.527844884504033,86.34766895657933,20,90.55689769008066,863
317,0.048519925102736165,0.7457471443355267,0.49692809606281774,9.609392884759936,15,89.93856192125635,96
318,0.056619641742567776,0.3249768443876072,0.23037809634262826,10.378865965543937,7,84.60756192685257,104
319,0.8023738473493882,0.08277370976893714,0.8156302911019272,81.22551549819188,2,96.31260582203855,812
320,0.12879987966420264,0.060589408824748225,0.5925222693983928,17.235988568099252,2,91.85044538796785,172
321,0.43649954864933344,0.15224429038495035,0.689685379384798,46.46745712168668,4,93.79370758769596,465
322,0.754266786760323,0.2085389416297978,0.8127926585179195,76.65534474223068,5,96.25585317035839,767
323,0.32508124066851235,0.7988284201902288,0.4486598320624524,35.882717863508674,16,88.97319664124905,359
324,0.7262869400222536,0.7402187949388161,0.8496245434774471,73.99725930211409,15,96.99249086954894,740
325,0.05938395489558792,0.15881758585209899,0.22785232709417896,10.641475715080851,4,84.55704654188358,106
326,0.2395502475161399,0.6160842594766611,0.10237707096461508,27.75727351403329,13,82.0475414192923,278
327,0.8270981270507842,0.7363382631074195,0.11290905426042598,83.5743220698245,15,82.25818108520852,836
328,0.04403557409721743,0.5732083971712187,0.889327502909322,9.183379539235656,12,97.78655005818644,92
329,0.35974707959187446,0.6105420964208336,0.6109861602562257,39.17597256122807,13,92.21972320512451,392
330,0.9170887756166782,0.6031318760054181,0.42491896666821566,92.12343368358444,13,88.49837933336431,921
331,0.9637749740780354,0.13667171865894231,0.12283321646299335,96.55862253741336,3,82.45666432925987,966
332,0.8916850624568341,0.3187120455477526,0.6972336794538199,89.71008093339924,7,93.9446735890764,897
333,0.07184004981379839,0.3914635669461366,0.5955828280825556,11.824804732310847,8,91.91165656165111,118
334,0.01932442387246954,0.9529806202265612,0.07988446633007562,6.835820267884607,20,81.59768932660151,68
335,0.27311208634624323,0.13147393935430696,0.9315985676912222,30.945648202893107,3,98.63197135382444,309
336,0.5698037837723711,0.846545315086378,0.23607856687633225,59.13135945837525,17,84.72157133752664,591
337,0.5308725399665506,0.8317255228468343,0.3478783716645101,55.432891296822305,17,86.9575674332902,554
338,0.7837164753474166,0.5076165890627728,0.04466218215931049,79.45306515800458,11,80.89324364318621,795
339,0.30250018201204865,0.7867626902188126,0.3331417657739742,33.73751729114462,16,86.66283531547948,337
340,0.6562399759173726,0.5215427729962337,0.6443688680051741,67.3427977121504,11,92.88737736010349,673
341,0.22953484196959897,0.1898584951696214,0.1457959613564659,26.805809987111903,4,82.91591922712932,268
342,0.10789323477557547,0.4254943684213192,0.7591499735850087,15.24985730367967,9,95.18299947170017,152
343,0.26061974403812177,0.10382045288238669,0.2788263110266172,29.758875683621568,3,85.57652622053234,298
344,0.0737983485859624,0.24500890844047163,0.9578300645608216,12.010843115666429,5,99.15660129121643,120
345,0.051434653171986894,0.9119140151007833,0.26078195450646224,9.886292051338755,19,85.21563909012924,99
346,0.18842990798257325,0.7486214292549581,0.1113206863102277,22.90084125834446,15,82.22641372620456,229
347,0.4737845440677644,0.4001304202440583,0.2495220212240928,50.00953168643762,9,84.99044042448186,500
348,0.7161893113491484,0.8776233227750855,0.9257621245310176,73.0379845781691,18,98.51524249062035,730
349,0.0812004157699901,0.11083363522263318,0.8196164625102531,12.71403949814906,3,96.39232925020507,127
350,0.7396922445993498,0.6355787794019723,0.9045400109491782,75.27076323693824,13,98.09080021898356,753
351,0.06356912996021914,0.2118221078790545,0.9212233648505117,11.039067346220818,5,98.42446729701024,110
352,0.7286992668084613,0.5713493667545887,0.4008754784687675,74.22643034680382,12,88.01750956937535,742
353,0.23635928445305984,0.29825474782768013,0.301909988185144,27.454132023040685,6,86.03819976370288,275
354,0.5558012377608059,0.49553650349615347,0.3629604320790081,57.801117587276565,10,87.25920864158016,578
355,0.5051349145934464,0.9337950421352902,0.0530228659902608,52.98781688637741,19,81.06045731980521,530
356,0.7030237066099058,0.5587081465720986,0.7216410345871028,71.78725212794104,12,94.43282069174205,718
357,0.39114159897179523,0.8035180236042241,0.4996102643733841,42.15845190232055,17,89.99220528746768,422
358,0.3451982459192397,0.11687781970229948,0.4314551914166031,37.793833362327774,3,88.62910382833206,378
359,0.7757214040422337,0.43301334189259943,0.2976561954205079,78.6935333840122,9,85.95312390841016,787
360,0.041649877082832854,0.08713195853566637,0.8833574343066226,8.956738322869121,2,97.66714868613245,90
361,0.41210280497091706,0.2579430586389441,0.39226080510268313,44.14976647223712,6,87.84521610205366,441
362,0.21997214551253602,0.5872751546831446,0.5307553558728224,25.89735382369092,12,90.61510711745645,259
363,0.9430441657058222,0.4490231916596264,0.5468936254666404,94.5891957420531,9,90.9378725093328,946
364,0.09801727604682314,0.09348300879824303,0.04089117901068594,14.311641224448199,2,80.81782358021371,143
365,0.10391378884789498,0.3980205930945259,0.13579387527730194,14.871809940550023,8,82.71587750554603,149
366,0.3131126587643264,0.8781226637700347,0.5205854863620398,34.74570258261101,18,90.4117097272408,347
367,0.08790598952212335,0.6157078741484073,0.1402101907035002,13.351069004601719,13,82.80420381407001,134
368,0.4666733833038067,0.9125573380449472,0.17107536405384036,49.33397141386163,19,83.42150728107681,493
369,0.681357232306568,0.36420683197580805,0.5787066912572412,69.72893706912396,8,91.57413382514483,697
370,0.20226918736754484,0.4292151084235571,0.7569632580425049,24.21557279991676,9,95.1392651608501,242
371,0.37560047329828694,0.636520897097029,0.6574070506578596,40.68204496333726,13,93.14814101315719,407
372,0.9689059964030937,0.43579444881249096,0.15650250591662102,97.0460696582939,9,83.13005011833242,970
373,0.7092461299397426,0.5373376103310386,0.5360061812350216,72.37838234427555,11,90.72012362470043,724
374,0.04740760884228319,0.5901542982377639,0.1308091089540873,9.503722840016902,12,82.61618217908175,95
375,0.2717647687800653,0.6085436951297166,0.5891169550463813,30.8176530341062,13,91.78233910092763,308
376,0.7045672909249154,0.09475795623174234,0.3984949583673123,71.93389263786696,2,87.96989916734624,719
377,0.2622156273066843,0.31150233986267756,0.4653512286511555,29.910484594135006,7,89.30702457302311,299
378,0.7223092375539335,0.14475226377913894,0.10490825579305167,73.61937756762369,3,82.09816511586104,736
379,0.1496670556712313,0.3554655250686842,0.6014086552669046,19.218370288766977,8,92.02817310533808,192
380,0.6936069495982822,0.733987993053962,0.9710725896842778,70.89266021183681,15,99.42145179368555,709
381,0.8853049479583004,0.77089128269382,0.34105973067434786,89.10397005603853,16,86.82119461348695,891
382,0.990572502057553,0.026627764545735032,0.7727983005351012,99.10438769546754,1,95.45596601070203,991
383,0.2745845446213381,0.478628296741446,0.4897311281176281,31.085531739027118,10,89.79462256235256,311
384,0.7458574977804875,0.11976710161286444,0.7608907693992958,75.85646228914631,3,95.21781538798592,759
385,0.7211418907247406,0.25081415979504634,0.7381296343288907,73.50847961885036,6,94.76259268657782,735
386,0.2201888479434582,0.51405691054828,0.8442688217249907,25.91794055462853,11,96.88537643449982,259
387,0.20994122849681482,0.47116216342109385,0.0749810837909757,24.94441670719741,10,81.49962167581951,249
388,0.7914791699314597,0.6716959425458163,0.690230757719653,80.19052114348868,14,93.80461515439306,802
389,0.4263592720676874,0.8929756350105392,0.5562198064879945,45.50413084643031,18,91.12439612975989,455
390,0.3357417110483919,0.04634845193113159,0.19954330170087192,36.89546254959723,1,83.99086603401744,369
391,0.6672187800596304,0.3840048939035462,0.20141522171781312,68.3857841056649,8,84.02830443435626,684
392,0.3562044252403113,0.762525165599025,0.8981411537345354,38.83942039782958,16,97.9628230746907,388
393,0.833165288442019,0.6292446290297098,0.45954260603762714,84.15070240199181,13,89.19085212075254,842
394,0.48899611798770287,0.9033913708179886,0.8047488612252207,51.45463120883177,19,96.09497722450442,515
395,0.08579204063601976,0.5499974821616501,0.6600655247671847,13.150243860421877,11,93.20131049534369,132
396,0.6545866196246817,0.4683649811005058,0.7968806459146233,67.18572886434475,10,95.93761291829247,672
397,0.5406605075996802,0.31672892803443614,0.4660716524541451,56.36274822196962,7,89.3214330490829,564
398,0.01784575877201962,0.8624025595721428,0.4388178336854432,6.695347083341864,18,88.77635667370886,67
399,0.5706891033183132,0.8552963098119877,0.5149751508613037,59.215464815239756,18,90.29950301722607,592
400,0.03730051557056035,0.3737478518002063,0.3541143691772187,8.543548979203234,8,87.08228738354437,85
401,0.8613296043115766,0.27972546947804305,0.442066299625306,86.82631240959978,6,88.84132599250611,868
402,0.8412508763024209,0.6051932350067368,0.08193261875083052,84.91883324872998,13,81.6386523750166,849
403,0.18419229982681964,0.6205535924758832,0.2573547447894608,22.498268483547868,13,85.14709489578922,225
404,0.9679304929110787,0.7853604099794886,0.7796640070753537,96.95339682655248,16,95.59328014150708,970
405,0.3657004413518161,0.044887746828050856,0.13627379508323068,39.74154192842253,1,82.72547590166461,397
406,0.5475312320035892,0.3282193575663305,0.4925174960653591,57.01546704034097,7,89.85034992130718,570
407,0.5439170487076049,0.9294866173750354,0.2503425902067353,56.67211962722247,19,85.00685180413471,567
408,0.9069462349123508,0.0009505961696405178,0.5617567272429301,91.15989231667332,1,91.2351345448586,912
409,0.1439353162133403,0.8434492320233381,0.19534826144531242,18.673855040267327,17,83.90696522890624,187
410,0.40565418923514895,0.42796977507467665,0.3750583094698286,43.53714797733915,9,87.50116618939657,435
411,0.44219297402726054,0.10003174457081947,0.2644895148808757,47.008332532589755,3,85.28979029761751,470
412,0.9894042131098711,0.707521697126066,0.774654603112036,98.99340024543775,15,95.49309206224072,990
413,0.831962642410812,0.8964542606495952,0.40637943680791816,84.03645102902713,18,88.12758873615836,840
414,0.07762505646377178,0.6247597354835702,0.8092550332030732,12.374380364058318,13,96.18510066406147,124
415,0.8361283782448644,0.3467674916067381,0.5740513732384045,84.43219593326212,7,91.48102746476809,844
416,0.3377615400261938,0.9017419964222949,0.17519400914957467,37.08734630248841,19,83.5038801829915,371
417,0.10000174031862895,0.9557194176954944,0.09127008235275676,14.50016533026975,20,81.82540164705513,145
418,0.25602641907659063,0.44231314995105947,0.8476972647271273,29.32250981227611,9,96.95394529454255,293
419,0.4531951718740633,0.08507017233853299,0.11511803280827662,48.05354132803601,2,82.30236065616553,481
420,0.22499928402980204,0.37482969243989,0.865880341368941,26.374931982831193,8,97.31760682737882,264
421,0.9875346069717671,0.32606448152535217,0.09437371908174857,98.81578766231787,7,81.88747438163497,988
422,0.8501462544059866,0.9741724266043628,0.6272916366944,85.76389416856873,20,92.545832733888,858
423,0.8063672023471912,0.5283686249847306,0.27443403876429273,81.60488422298316,11,85.48868077528586,816
424,0.269944027130332,0.4380975158323625,0.2876894368085885,30.64468257738154,9,85.75378873617177,306
425,0.6409326642462128,0.6815544936212747,0.4873109748760483,65.88860310339021,14,89.74621949752097,659
426,0.9648908982322877,0.18315828299454268,0.1487687986114284,96.66463533206733,4,82.97537597222856,967
427,0.461093498068163,0.7201486916817258,0.46120672698921406,48.80388231647549,15,89.22413453978427,488
428,0.4574379545316608,0.9489536468148828,0.32620582226925193,48.45660568050778,19,86.52411644538503,485
429,0.6496543387602465,0.22286974855334657,0.9945038832077248,66.71716218222342,5,99.89007766415449,667
430,0.9850321435981632,0.18082706153490438,0.47225643935279193,98.5780536418255,4,89.44512878705584,986
431,0.9226208722337659,0.646339102939085,0.8584773066121264,92.64898286220776,13,97.16954613224253,926
432,0.6745608160397127,0.9180619632282255,0.82095871109184,69.08327752377271,19,96.4191742218368,691
433,0.8720607825990206,0.4043859634277858,0.9115851471066209,87.84577434690696,9,98.23170294213242,878
434,0.9258378463871487,0.2709112994712587,0.9196540657316192,92.95459540677913,6,98.39308131463238,930
435,0.29912255149959804,0.6454286137267747,0.9932890208164781,33.41664239246181,13,99.86578041632956,334
436,0.3317146794997725,0.10535088861092665,0.678877584178987,36.512894552478386,3,93.57755168357974,365
437,0.2068273694938054,0.02017843329321819,0.6390056284505229,24.648600101911512,1,92.78011256901046,246
438,0.8546074117872049,0.8899017217238263,0.4115281596722763,86.18770411978447,18,88.23056319344553,862
439,0.7402076691013905,0.4827092811455022,0.2527033869996118,75.3197285646321,10,85.05406773999223,753
440,0.6050152596633914,0.403384814801352,0.21306709438208235,62.476449668022184,9,84.26134188764165,625
441,0.9104368501339098,0.6073722267525317,0.30576690137814483,91.49150076272143,13,86.1153380275629,915
442,0.7732865437530306,0.8506082928614012,0.7875983817346318,78.4622216565379,18,95.75196763469263,785
443,0.8921398673122949,0.16423766563542397,0.7889919327747063,89.75328739466802,4,95.77983865549413,898
444,0.6878181756830676,0.19302160154585138,0.902554837700159,70.34272668989142,4,98.05109675400318,703
445,0.23427542880543195,0.269661977289652,0.285423219765653,27.256165736516035,6,85.70846439531306,273
446,0.6260103425181134,0.9738393745993866,0.8302616652057462,64.47098253922077,20,96.60523330411493,645
447,0.9959298220795174,0.2585817430745833,0.29339143172381443,99.61333309755416,6,85.86782863447628,996
448,0.1080850799117024,0.9444560554425205,0.7992625663099895,15.268082591611728,19,95.98525132619979,153
449,0.7798091595828651,0.394514770310755,0.8618798530209569,79.08187016037219,8,97.23759706041913,791
450,0.03595852493211727,0.38717675063465434,0.7711736213844633,8.416059868551141,8,95.42347242768926,84
451,0.8244388536908402,0.2735199269572209,0.32980088959009274,83.32169110062982,6,86.59601779180186,833
452,0.01508521620206045,0.22030613283870756,0.7401224536128502,6.433095539195743,5,94.802449072257,64
453,0.06000943412531768,0.050207868742596806,0.9674111752397347,10.70089624190518,2,99.3482235047947,107
454,0.4359181335777939,0.8721208439048905,0.7326910467866153,46.41222268989042,18,94.65382093573231,464
455,0.3635637733815956,0.4129125671326349,0.26369857766574584,39.538558471251584,9,85.27397155331492,395
456,0.40384071918984193,0.06531751044596558,0.8557367317663027,43.36486832303498,2,97.11473463532606,434
457,0.14171356116137682,0.7964236666124331,0.456486364910258,18.462788310330797,16,89.12972729820515,185
458,0.5620336590901436,0.38005350571601304,0.31359050633507884,58.39319761356364,8,86.27181012670158,584
459,0.6352612120504988,0.4095552933156135,0.30239676089232864,65.34981514479739,9,86.04793521784657,653
460,0.8151146124078638,0.6740348910051844,0.9060337554255302,82.43588817874706,14,98.1206751085106,824
461,0.7147918126756174,0.011815127745643318,0.019423147836414426,72.90522220418366,1,80.38846295672829,729
462,0.585496331011056,0.7381990731918607,0.3238728821907826,60.622151446050324,15,86.47745764381565,606
463,0.4765147222990168,0.31595147086971775,0.36618145301843885,50.268898618406595,7,87.32362906036877,503
464,0.40074518084423477,0.22672345462106464,0.29147563243677865,43.070792180202304,5,85.82951264873557,431
465,0.5516037393189674,0.12082524519989009,0.659444545750712,57.402355235301904,3,93.18889091501424,574
466,0.5671916288145544,0.15185839536035084,0.20863394896909046,58.88320473738267,4,84.17267897938181,589
467,0.9481501280596255,0.7115369233757575,0.8714147085632853,95.07426216566442,15,97.4282941712657,951
468,0.13264596352467814,0.4103457511629221,0.16924515893197173,17.601366534844423,9,83.38490317863943,176
469,0.5995234376895645,0.8400347385175397,0.9393934635345299,61.95472658050863,17,98.7878692706906,620
470,0.7993002245236526,0.348000486704087,0.7696876176138061,80.933521329747,7,95.39375235227612,809
471,0.3660462851045668,0.8567824937381849,0.16549508578445776,39.774397084933845,18,83.30990171568915,398
472,0.18691333265836457,0.17536890599297295,0.549374716655671,22.756766602544634,4,90.98749433311342,228
473,0.620299350385976,0.4542181214075682,0.4184630584508278,63.92843828666771,10,88.36926116901655,639
474,0.6612002317026513,0.7902515578950325,0.049228089166285426,67.81402201175187,16,80.9845617833257,678
475,0.6376045427005492,0.26286019225328044,0.6704699057651271,65.57243155655217,6,93.40939811530254,656
476,0.12239599245083835,0.756692925819412,0.7175309965323701,16.62761928282964,16,94.3506199306474,166
477,0.34765226901680835,0.6880813686885814,0.602940756087771,38.02696555659679,14,92.05881512175542,380
478,0.8201376773074056,0.24931323943301623,0.7347820196090962,82.91307934420354,5,94.69564039218193,829
479,0.1046892701064233,0.4777633886417838,0.15258922797214666,14.945480660110213,10,83.05178455944294,149
480,0.031018746465170607,0.48190347219723667,0.5676363071979974,7.946780914191208,10,91.35272614395996,79
481,0.5887717974217523,0.16023520399759247,0.4511505972269803,60.933320755066475,4,89.0230119445396,609
482,0.7498771455229415,0.5131113596898667,0.25400730728293797,76.23832882467944,11,85.08014614565876,762
483,0.4180528593229766,0.8041853113519141,0.8175161286947948,44.715021635682774,17,96.3503225738959,447
484,0.18071842399061025,0.7783570726364394,0.9320220920168777,22.168250279107973,16,98.64044184033756,222
485,0.5088358885604645,0.6978760896620068,0.47911399236114166,53.33940941324413,14,89.58227984722284,533
486,0.3921201001440421,0.8382853642663017,0.5506499122836684,42.251409513683996,17,91.01299824567337,423
487,0.4624211238635632,0.3507272949443668,0.5531064365983939,48.930006767038506,8,91.06212873196787,489
488,0.283730591553458,0.8952419643922709,0.8101561473072892,31.954406197578507,18,96.20312294614578,320
489,0.05577872075802047,0.965490465263559,0.9654895358984967,10.298978472011946,20,99.30979071796993,103
490,0.0034165082744236786,0.8209591987071373,0.3812006809042345,5.3245682860702495,17,87.62401361808469,53
491,0.8128662802474679,0.9639875036874862,0.9460283684099225,82.22229662350945,20,98.92056736819845,822
492,0.7379587681386619,0.3231037667905079,0.12413914578349151,75.10608297317287,7,82.48278291566983,751
493,0.828146194426704,0.5649677226648908,0.5595908451118292,83.67388847053688,12,91.19181690223658,837
494,0.17702828902022352,0.7096706868193172,0.24262588576597846,21.817687456921234,15,84.85251771531956,218
495,0.5120804274543693,0.8180850726118842,0.3060887065447401,53.647640608165084,17,86.1217741308948,536
496,0.4246567971213529,0.7019995656628626,0.21991580499016347,45.34239572652852,15,84.39831609980327,453
497,0.3269191751829895,0.6992928975267372,0.15968571599899786,36.057321642384004,14,83.19371431997996,361
498,0.6286360741813534,0.6582106170397374,0.05944970001975684,64.72042704722857,14,81.18899400039514,647
499,0.8783090425515592,0.7600783008795435,0.3765996144564324,88.43935904239812,16,87.53199228912865,884
500,0.9801972214865646,0.6405650343219375,0.8847863456617283,98.11873604122364,13,97.69572691323457,981
