lhs_point_id,unit_platform_speed,unit_alpha_platform,platform-speed,alpha_platform,review_capacity_at_N1000
1,0.8705756574047977,0.5961929627917308,87.18699008307497,83.25152554887751,872
2,0.24525523710482122,0.5349667951206728,25.2802684733773,80.86370500970624,253
3,0.646552910843885,0.113300568381625,65.00873817354461,64.41872216688337,650
4,0.6865438519038327,0.1415756081925342,68.96784133847945,65.52144871950884,690
5,0.8138013529302018,0.5134066658851497,81.56633394008998,80.02285996952084,816
6,0.5225899039828963,0.4820202685938147,52.736400494306736,78.79879047515877,527
7,0.268893686907644,0.8802226460529441,27.620475003856754,94.32868319606482,276
8,0.37993485713080516,0.43046693951015547,38.61355085594971,76.78821064089607,386
9,0.45452057332201623,0.9547862893052559,45.997536758879605,97.23666528290498,460
10,0.44670689356720844,0.7853099337766104,45.22398246315363,90.62708741728781,452
11,0.40558367455051664,0.23275429141501283,41.152783780501146,69.0774173651855,412
12,0.16825922329728105,0.17541124154472043,17.657663106430824,66.8410384202441,177
13,0.7315497096929792,0.15144548331115304,73.42342125960494,65.90637384913497,734
14,0.4945093692317896,0.31068018560156613,49.95642755394717,72.11652723846107,500
15,0.3958863840731898,0.8353019802597099,40.192752023245795,92.57677723012868,402
16,0.19360221551327747,0.4323997473471818,20.16661933581447,76.86359014654009,202
17,0.49380747199726227,0.49166065242537876,49.886939727728965,79.17476544458977,499
18,0.9310283585181727,0.5920455582303824,93.1718074932991,83.08977677098491,932
19,0.28157110173647426,0.8517602008144192,28.875539071910953,93.21864783176235,289
20,0.799402180978489,0.8170370231597869,80.14081591687041,91.86444390323169,801
21,0.6003676026638489,0.6915166151207904,60.436392663721044,86.96914798971082,604
22,0.7131272533491191,0.9297421101866307,71.59959808156279,96.2599422972786,716
23,0.4886941084144308,0.5808739568740061,49.38071673302865,82.65408431808623,494
24,0.28474765712450467,0.5210042287976603,29.19001805532596,80.31916492310876,292
25,0.6780316035838353,0.7482412326351084,68.12512875479969,89.18140807276923,681
26,0.0024590971829506363,0.19353665030619374,1.243450621112113,67.54792936194156,12
27,0.15705840087399145,0.5338690333901692,16.548781686525153,80.8208923022166,165
28,0.22889573479975622,0.7526707031360501,23.660677745175867,89.35415742230595,237
29,0.30012918027125585,0.9015794526122601,30.71278884685433,95.16159865187814,307
30,0.6966703665184671,0.06669463649552594,69.97036628532825,62.601090823325514,700
31,0.40294196387417774,0.0011921494062288275,40.8912544235436,60.04649382684293,409
32,0.7240032160527865,0.21009109746014723,72.67631838922587,68.19355280094574,727
33,0.5825993319818031,0.6433896911617875,58.67733386619851,85.09219795530971,587
34,0.5012486652410025,0.059384683895137506,50.62361785885925,62.31600267191036,506
35,0.4305495227551502,0.13210879452487262,43.62440275275987,65.15224298647003,436
36,0.6221856018944222,0.9216985163231792,62.59637458754779,95.94624213660398,626
37,0.9038891713891937,0.48768109729273934,90.48502796753017,79.01956279441683,905
38,0.35138303959518175,0.9677920534315508,35.78692091992299,97.74389008383048,358
39,0.31095951660523585,0.5883663595380823,31.78499214391835,82.94628802198521,318
40,0.4607402497901187,0.14614407362809245,46.613284729221746,65.6996188714956,466
41,0.6710611189410229,0.28888145922997716,67.43505077516127,71.26637690996911,674
42,0.012828967593632916,0.3395094253467125,2.270067791769659,73.2408675885218,23
43,0.07470146029409207,0.8487043110874056,8.395444569115114,93.09946813240882,84
44,0.2822212581118698,0.6629227686165312,28.939904553075113,85.85398797604472,289
45,0.5589280517938804,0.36843253597160847,56.33387712759416,74.36886890289273,563
46,0.27641934723689016,0.8299840851507024,28.365515376452127,92.36937932087739,284
47,0.17805924116244842,0.6579947588365324,18.627864875082395,85.66179559462476,186
48,0.46713565730834616,0.17667804497914955,47.24643007352627,66.89044375418683,472
49,0.9280180897240428,0.035253398278237445,92.87379088268024,61.37488253285126,929
50,0.9724922810239558,0.6554075405742936,97.27673582137163,85.56089408239745,973
51,0.007080599677409234,0.6165997877973799,1.7009793680635141,84.04739172409782,17
52,0.5346694328009022,0.8769589751501914,53.932273847289316,94.20140003085746,539
53,0.7551129558571529,0.2905150256038694,75.75618262985813,71.33008599855091,758
54,0.11319413289945669,0.15815006535768592,12.206219157046213,66.16785254894975,122
55,0.2548591170193262,0.935721280568463,26.231052584913293,96.49312994217006,262
56,0.22586471489726564,0.5736359604249743,23.3606067748293,82.371802456574,234
57,0.1778259888888246,0.10908620291704034,18.604772899993634,64.25436191376457,186
58,0.7764049012644153,0.5467019519790302,77.86408522517712,81.32137612718218,779
59,0.814201041428935,0.01979756720735812,81.60590310146456,60.772105121086966,816
60,0.9832322825203635,0.37213133327292824,98.339995969516,74.5131219976442,983
61,0.8270719796001857,0.8590973470366791,82.88012598041838,93.50479653443048,829
62,0.47243798943022847,0.6750940261769031,47.77136095359262,86.32866702089922,478
63,0.5878600933856881,0.3632083031317104,59.198149245183124,74.1651238221367,592
64,0.258883691655627,0.9651571530293259,26.629485473907074,97.6411289681437,266
65,0.12308904729645263,0.20962652060376016,13.18581568234881,68.17543430354665,132
66,0.6294670553236672,0.2522534430292875,63.317238477043055,69.83788427814221,633
67,0.5180041006549013,0.32408099056802714,52.28240596483523,72.63915863215306,523
68,0.782732237680063,0.07316439948928787,78.49049153032624,62.85341158008222,785
69,0.14188711694528625,0.17000258468244286,15.046824577583338,66.63010080261527,150
70,0.5703613695477021,0.7813473064459597,57.46577558522251,90.47254495139242,575
71,0.1615834189572558,0.36163719874460776,16.996758476768324,74.1038507510397,170
72,0.4079667375634989,0.39075436126046054,41.38870701878639,75.23942008915796,414
73,0.5896369377190194,0.380476183983702,59.374056834182916,74.83857117536438,594
74,0.5127624743007388,0.6082737614644881,51.763484955773144,83.72267669711503,518
75,0.5391598354139434,0.6342132518109302,54.3768237059804,84.73431682062628,544
76,0.4789350722746723,0.16584386568004014,48.41457215519256,66.46791076152157,484
77,0.024457696784770038,0.5248007625482528,3.421311981692234,80.46722973938186,34
78,0.7927950231442217,0.17316194728464357,79.48670729127795,66.7533159441011,795
79,0.4913522257211716,0.23858961463593353,49.643870346395985,69.3049949708014,496
80,0.3282557934849983,0.6495926014580568,33.49732355501483,85.3341114568642,335
81,0.5244259600092885,0.04503817021632583,52.91817004091956,61.75648863843671,529
82,0.06550806046999923,0.35244531605919127,7.485297986529924,73.74536732630845,75
83,0.39788865901429543,0.9636842396988852,40.39097724241525,97.58368534825652,404
84,0.8793121236451263,0.5298444994626537,88.05190024086751,80.66393547904349,881
85,0.7495123656781221,0.22592402779118806,75.20172420213409,68.81103708385633,752
86,0.8565801989242491,0.4845371987725418,85.80143969350065,78.89695075212913,858
87,0.9983351008696426,0.35046126430101976,99.83517498609461,73.66798930773977,998
88,0.07762335009575136,0.7006450958555329,8.684711659479385,87.32515873836579,87
89,0.7529784511852036,0.7327023654734371,75.54486666733516,88.57539225346405,755
90,0.7887817996944196,0.06909450527087227,79.08939816974754,62.69468570556402,791
91,0.652314301465216,0.6410885507634946,65.57911584505638,85.00245347977629,656
92,0.6309999908117491,0.4603235308977751,63.468999090363155,77.95261770501322,635
93,0.667140067090063,0.5413410729296081,67.04686664191624,81.11230184425472,670
94,0.12194462085098305,0.8528460032105677,13.072517464247323,93.26099412521214,131
95,0.8672875680327465,0.48056889796141944,86.86146923524191,78.74218702049535,869
96,0.04525558567634853,0.5513714724684613,5.480302981958504,81.50348742627,55
97,0.8384241750373826,0.74073210907686,84.00399332870089,88.88855225399755,840
98,0.021944519104196144,0.922149411668934,3.1725073913154183,95.96382705508843,32
99,0.16208377606111327,0.39473975096426517,17.046293830050214,75.39485028760635,170
100,0.8117716159132453,0.3476802633410653,81.36538997541129,73.55953027030155,814
101,0.04813353414490186,0.24693177035640262,5.765219880345284,69.63033904389971,58
102,0.05305735096373101,0.02296733946691904,6.25267774540937,60.89572623920984,63
103,0.9618803651762118,0.28325792411739575,96.22615615244497,71.04705904057843,962
104,0.7162959417771456,0.7729648324020266,71.91329823593742,90.14562846367903,719
105,0.5557076260965018,0.1255943191064108,56.01505498355368,64.89817844515002,560
106,0.9805773402900896,0.9885108414935418,98.07715668871887,98.55192281824813,981
107,0.7515964608484001,0.22634926977780703,75.40804962399162,68.82762152133448,754
108,0.6418722218014575,0.6388946581352876,64.5453499583443,84.91689166727622,645
109,0.7656133749609882,0.7316876947960176,76.79572412113784,88.53582009704468,768
110,0.08637647767649827,0.7595945025682491,9.551271289973329,89.62418560016172,96
111,0.774296689977082,0.3566891431640395,77.65537230773111,73.91087658339754,777
112,0.051262663303538444,0.976669560864138,6.075003667050306,98.09011287370139,61
113,0.1314104031025033,0.824773532527316,14.009629907147826,92.16616776856532,140
114,0.17400006977151344,0.11034779880921683,18.22600690737983,64.30356415355945,182
115,0.2652867118166463,0.8840436017791619,27.263384469847985,94.47770046938732,273
116,0.9934783130654765,0.34210368198763186,99.35435299348218,73.34204359751764,994
117,0.69208824850226,0.7026831913658684,69.51673660172375,87.40464446326887,695
118,0.7565219722173466,0.896794828660636,75.89567524951731,94.9749983177648,759
119,0.9162002934128399,0.6895741319102585,91.70382904787115,86.89339114450009,917
120,0.8170848614296746,0.10279098131170533,81.89140128153778,64.00884827115651,819
121,0.7092284069857415,0.5489204905466467,71.2136122915884,81.40789913131923,712
122,0.3376378826914889,0.5779421692916803,34.4261503864574,82.53974460237554,344
123,0.997823355645394,0.7370552289007375,99.78451220889401,88.74515392712877,998
124,0.5981333076182995,0.13677421925538272,60.215197454211655,65.33419455095992,602
125,0.46984000412921884,0.7989916925679357,47.51416040879266,91.16067601014949,475
126,0.7595760229568341,0.9159250562926446,76.19802627272658,95.72107719541314,762
127,0.15327825089196237,0.041240259376027606,16.174546838304273,61.608370115665075,162
128,0.38234290319718456,0.13485951349903338,38.85194741652127,65.2595210264623,389
129,0.9956152273483011,0.7212449019499076,99.56590750748181,88.1285511760464,996
130,0.9516902382377743,0.9453341575693861,95.21733358553966,96.86803214520606,952
131,0.6563362782580533,0.5629011340236265,65.97729154754728,81.95314422692144,660
132,0.8228294111235915,0.9973296201742111,82.46011170123556,98.89585518679424,825
133,0.6725036542938225,0.8799886604680108,67.57786177508844,94.31955775825242,676
134,0.7425510810348344,0.5529569348484197,74.5125570224486,81.56532045908837,745
135,0.5739460056188412,0.8310379957014787,57.82065455626528,92.41048183235768,578
136,0.2661302779932125,0.7062723846342974,27.346897521328035,87.5446230007376,273
137,0.1542120781088175,0.042406462768831726,16.266995732772934,61.65385204798444,163
138,0.7800959297766656,0.23122022689986949,78.2294970478899,69.0175888490949,782
139,0.32030274528207964,0.5377884592766269,32.709971782925884,80.97374991178845,327
140,0.35226167457581875,0.8880154661924888,35.87390578300606,94.63260318150706,359
141,0.26272305228375414,0.09350445405380448,27.00958217609166,63.646673708098376,270
142,0.8845570394858429,0.458723204300453,88.57114690909845,77.89020496771766,886
143,0.6831559927564665,0.3927649553198994,68.6324432828902,75.31783325747608,686
144,0.9393060011068158,0.5049849913090553,93.99129410957477,79.69441466105316,940
145,0.7406424768213173,0.18771817485198214,74.32360520531041,67.3210088192273,743
146,0.5780909804198688,0.4658260814197997,58.23100706156701,78.16721717537219,582
147,0.34554288569339014,0.46765561520739474,35.208745683645624,78.23856899308839,352
148,0.8697523208544607,0.11607608938692969,87.10547976459162,64.52696748609026,871
149,0.16560556958344447,0.037991019781905055,17.394951388761,61.4816497714943,174
150,0.20622615249122297,0.09656208251671086,21.416389096631075,63.765921218151725,214
151,0.8363597961309786,0.3354017518579778,83.79961981696688,73.08066832246114,838
152,0.388511173489848,0.8034296356429887,39.46260617549495,91.33375579007657,395
153,0.5495335088029424,0.033449596221387524,55.40381737149129,61.30453425263411,554
154,0.3708564298303167,0.4997483645046474,37.71478655320135,79.49018621568125,377
155,0.0668190257093549,0.6440054444154506,7.615083545226135,85.11621233220256,76
156,0.09378772000769438,0.4426480621568165,10.284984280761744,77.26327442411585,103
157,0.019246151796694987,0.10692157209734703,2.905369027872804,64.16994131179653,29
158,0.26053810154483065,0.38841930176931766,26.793272052938235,75.1483527690034,268
159,0.3598896054730234,0.7179357396645689,36.62907094182932,87.99949384691818,366
160,0.9747586624974541,0.011164388270705235,97.50110758724796,60.435411142557506,975
161,0.031048042324239418,0.810928323299752,4.073756190099703,91.62620460869033,41
162,0.3609675422023807,0.6212311291658357,36.73578667803569,84.22801403746759,367
163,0.21610479209363306,0.31681767615375106,22.394374417269674,72.35588936999629,224
164,0.45288346324393247,0.6338493929245199,45.83546286114932,84.72012632405628,458
165,0.08371686869684913,0.40358400950102064,9.287970000988064,75.7397763705398,93
166,0.3230340414627874,0.9509671379764868,32.980370104815954,97.087718381083,330
167,0.1716814502088602,0.09831410628139126,17.996463570677157,63.83425014497426,180
168,0.3735946579598527,0.918062870632522,37.985871138025416,95.80445195466837,380
169,0.6025745612378832,0.09170431401221692,60.654881562550436,63.57646824647646,607
170,0.1860529810639956,0.6929779345731895,19.419245125335564,87.02613944835439,194
171,0.8913173993756406,0.42711211812548244,89.24042253818841,76.65737260689382,892
172,0.23957833981791263,0.25944791007944673,24.71825564197335,70.11846849309842,247
173,0.9193313292687927,0.07093791023193666,92.01380159761048,62.76657849904553,920
174,0.6598041802092798,0.031477723828419395,66.32061384071869,61.22763122930836,663
175,0.5309729327684648,0.308080268431827,53.566320344078015,72.01513046884125,536
176,0.19614198814620784,0.4952430582609683,20.418056826474576,79.31447927217776,204
177,0.7479720246973686,0.9938651148797132,75.04923044503948,98.76073948030881,750
178,0.41553038577785817,0.9076437833339973,42.13750819200796,95.3981075500259,421
179,0.2569116788956053,0.9394306124889512,26.434256210664923,96.6377938870691,264
180,0.8632790456915874,0.5600356594205482,86.46462552346715,81.84139071740138,865
181,0.09832586583539202,0.43775434086437875,10.73426071770381,77.07241929371077,107
182,0.829524474739553,0.07858331624696929,83.12292299921575,63.0647493336318,831
183,0.016697091200704808,0.16903566686271052,2.6530120288697763,66.59239100764572,27
184,0.30520106939145947,0.4342899324416419,31.21490586975449,76.93730736522403,312
185,0.4415193720387046,0.12939386536939146,44.710417831831755,65.04636074940626,447
186,0.5211511079049151,0.9681793875645762,52.5939596825866,97.75899611501848,526
187,0.059169444664288924,0.6266523350788072,6.857775021764604,84.43944106807348,69
188,0.12852850910423627,0.5825049112329345,13.724322401319391,82.71769153808444,137
189,0.7707026004174705,0.44023395081326033,77.29955744132958,77.16912408171716,773
190,0.9592020167709935,0.16023633029089787,95.96099966032835,66.24921688134502,960
191,0.5848303238690828,0.898466623572337,58.8982020630392,95.04019831932115,589
192,0.4834214436633554,0.40460875369322585,48.85872292267218,75.77974139403581,489
193,0.060287336548147975,0.6785797488995718,6.96844631826665,86.4646102070833,70
194,0.008278720563154606,0.40637204845781166,1.819593335752306,75.84850988985465,18
195,0.46422506281769776,0.038755453348797105,46.95828121895208,61.51146268060309,470
196,0.2307821431635438,0.8363704704962805,23.84743217319084,92.61844834935494,238
197,0.8467830588832125,0.6874906841894632,84.83152282943803,86.81213668338907,848
198,0.9207258250445584,0.4699627235467991,92.15185667941128,78.32854621832516,922
199,0.2261386566184747,0.5270167750679262,23.387727005228996,80.55365422764912,234
200,0.8754490034012339,0.051589359269499556,87.66945133672215,62.01198501151048,877
201,0.028607945325890036,0.5752437324642172,3.832186587263114,82.43450556610448,38
202,0.5065616843545602,0.5696394913128799,51.14960675110146,82.21594016120233,511
203,0.4716710803648114,0.5567883449803268,47.69543695611633,81.71474545423274,477
204,0.3038479266414901,0.9305289019351715,31.08094473750752,96.29062717547168,311
205,0.10649805055537684,0.02868940798527118,11.543307004982307,61.11888691142558,115
206,0.6397132951812792,0.37098180360421323,64.33161622294664,74.46829034056432,643
207,0.34057376639098585,0.8134503227009047,34.716802872707596,91.72456258533528,347
208,0.07910665983922378,0.7603476656023662,8.831559324083155,89.65355895849228,88
209,0.42948203228020276,0.10125324334381763,43.51872119574007,63.948876490408885,435
210,0.7859778953494742,0.95998089302007,78.81181163959793,97.43925482778272,788
211,0.45650200473278146,0.3231661289466307,46.193698468545364,72.6034790289186,462
212,0.11652348593871298,0.13847441924572398,12.535825107932585,65.40050235058324,125
213,0.8977353572995667,0.21950158180522678,89.8758003726571,68.56056169040384,899
214,0.9781841759028916,0.29597063094815157,97.84023341438628,71.54285460697791,978
215,0.35747264251153016,0.9249449345620164,36.38979160864149,96.07285244791865,364
216,0.35541800458939216,0.05263548306770959,36.186382454349825,62.052783839640675,362
217,0.8023697749475331,0.28417223044433004,80.43460771980578,71.08271698732887,804
218,0.9868395444404156,0.5550081021668474,98.69711489960115,81.64531598450705,987
219,0.7103152037126155,0.19649614151124886,71.32120516754892,67.6633495189387,713
220,0.772027042225905,0.15656747668283671,77.4306771803646,66.10613159063064,774
221,0.18941650764016663,0.8870591903507364,19.752234256376497,94.59530842367872,198
222,0.3913095163747925,0.9363047648373611,39.73964212110446,96.51588582865708,397
223,0.19487960940958568,0.8229314153070787,20.293081331548983,92.09432519697607,203
224,0.14526452357171335,0.990671993172352,15.381187833599622,98.63620773372173,154
225,0.7902795915183957,0.564082199676307,79.23767956032117,81.99920578737597,792
226,0.8865951033489287,0.41807249631626503,88.77291523154393,76.30482735633433,888
227,0.5294336436882724,0.7222250328963901,53.41393072513897,88.1667762829592,534
228,0.31711984956521183,0.7131442759930421,32.394865106955976,87.81262676372864,324
229,0.41258363400989473,0.3678807429802512,41.845779766979575,74.3473489762298,418
230,0.43823106043412047,0.8707157103018957,44.38487498297793,93.95791270177392,444
231,0.7348090936004243,0.21643568826436288,73.74610026644201,68.44099184231015,737
232,0.2963319972125856,0.6065995995552594,30.336867724045973,83.65738438265512,303
233,0.3480807015816517,0.429094867217663,35.45998945658352,76.73469982148886,355
234,0.4772531552863397,0.77976063105126,48.24806237334763,90.41066461099913,482
235,0.48014085990177485,0.9740302919248252,48.53394513027571,97.98718138506818,485
236,0.273550366795635,0.3498058276113971,28.081486312767865,73.64242727684449,281
237,0.2707929246141649,0.7823005890387796,27.808499536802323,90.5097229725124,278
238,0.21841105204045738,0.3297214814483089,22.62269415200528,72.85913777648405,226
239,0.8897933440841692,0.8196587904264084,89.08954106433275,91.96669282662992,891
240,0.6657206147425713,0.9854459442879332,66.90634085951456,98.4323918272294,669
241,0.7221839124922081,0.7756265165365844,72.4962073367286,90.2494341449268,725
242,0.29334213912212487,0.47073971871159603,30.040871773090362,78.35884902975225,300
243,0.5964066035288488,0.3369075475447754,60.04425374935603,73.13939435424624,600
244,0.0568301166608334,0.5019336358084079,6.6261815494225065,79.5754117965279,66
245,0.2484343700460734,0.860593741689573,25.59500263456127,93.56315592589334,256
246,0.7662813201098082,0.06378315801385094,76.86185069087101,62.487543162540184,769
247,0.06956726732261814,0.07629396026809894,7.887159464939196,62.97546445045586,79
248,0.6157737150458247,0.18327619811523582,61.96159778953664,67.1477717264942,620
249,0.3155789523711381,0.6582907452911619,32.24231628474267,85.67333906635531,322
250,0.7182405513397496,0.44405436598935893,72.10581458263522,77.318120273585,721
251,0.30666407157241926,0.941704023249811,31.359743085669507,96.72645690674263,314
252,0.36203600416806525,0.8740197164481198,36.84156441263846,94.08676894147666,368
253,0.7612323071551628,0.19551470168616591,76.36199840836112,67.62507336576047,764
254,0.14811245990059443,0.7662537518521538,15.663133530158849,89.883896322234,157
255,0.3080860281182291,0.048570250330183966,31.500516783704683,61.89423976287718,315
256,0.805850228818625,0.8009296981692026,80.77917265304387,91.2362582285989,808
257,0.9262626820558081,0.8064885280017153,92.70000552352501,91.4530525920669,927
258,0.4176374706411605,0.646953927154578,42.34610959347489,85.23120315902854,423
259,0.5439011706873553,0.37884757613386266,54.84621589804818,74.77505546922065,548
260,0.831151002413045,0.6364966578939777,83.28394923889145,84.82336965786513,833
261,0.5808589296063339,0.4146806399623772,58.50503403102706,76.17254495853271,585
262,0.8248115579247234,0.9712414303248297,82.65634423454762,97.87841578266836,827
263,0.8811249899432134,0.6248674656162191,88.23137400437813,84.36983115903254,882
264,0.9680994470175134,0.20325254081037056,96.84184525473383,67.92684909160445,968
265,0.9768600076926437,0.4623069163352444,97.70914076157173,78.02996973707454,977
266,0.31956542482479106,0.5877625867403877,32.63697705765431,82.92274088287512,326
267,0.36488038366236153,0.9610841790379128,37.123157982573794,97.48228298247861,371
268,0.7065132243618166,0.9942333584057765,70.94480921181984,98.77510097782528,709
269,0.6324726008383066,0.25701839323548986,63.614787482992355,70.0237173361841,636
270,0.29441430828192466,0.7971845058095096,30.14701651991054,91.09019572657087,301
271,0.462149610317857,0.3772466376792291,46.75281142146785,74.71261886948993,468
272,0.48765831826187017,0.6836302069932017,49.278173507925146,86.66157807273487,493
273,0.21494491173480937,0.9101867573955884,22.279546261746127,95.49728353842795,223
274,0.4379440153046764,0.3032570709144465,44.356457515162965,71.82702576566341,444
275,0.511015003942645,0.4383785897368971,51.59048539032185,77.09676499973898,516
276,0.09708101500829383,0.5940766214302745,10.61102048582109,83.1689882357807,106
277,0.0859297250963246,0.5062103776584362,9.507042784536136,79.74220472867901,95
278,0.8771138022318421,0.9334127475030504,87.83426642095237,96.40309715261895,878
279,0.5142198369591127,0.7916562627769332,51.90776385895215,90.8745942483004,519
280,0.8720534118672226,0.8573040772498908,87.33328777485504,93.43485901274573,873
281,0.8405264232708751,0.7295776347143446,84.21211590381664,88.45352775385943,842
282,0.04026632001927053,0.7244708665724148,4.986365681907783,88.25436379632418,50
283,0.6343460716178241,0.9267764360646032,63.80026109016458,96.14428100651952,638
284,0.9321014938779264,0.49360798912928,93.27804789391472,79.25071157604192,933
285,0.4425275434275839,0.6026677301462574,44.810226799330806,83.50404147570404,448
286,0.45937163338672093,0.3204426793416405,46.47779170528537,72.49726449432399,465
287,0.10087509838787903,0.514070219443174,10.986634740400024,80.04873855828379,110
288,0.4242983393808044,0.7441900722034585,43.00553559869964,89.02341281593488,430
289,0.9229332322412492,0.5905395622931817,92.37038999188367,83.03104292943408,924
290,0.5459674805257483,0.6712505627451142,55.05078057204908,86.17877194705946,551
291,0.28612683665485006,0.7651654645513346,29.326556828830157,89.84145311750206,293
292,0.9432790917297718,0.42284644202525795,94.38463008124741,76.49101123898507,944
293,0.9403882333309617,0.30432090870828465,94.09843509976521,71.8685154396231,941
294,0.7336836412933406,0.7047967405534987,73.63468048804073,87.48707288158644,736
295,0.7696487991654063,0.31354031384149145,77.19523111737523,72.22807223981816,772
296,0.014493561486904635,0.37505253137384154,2.434862587203559,74.62704872357982,24
297,0.29070223958970776,0.7959920963115336,29.77952171938107,91.04369175614981,298
298,0.6543156609207577,0.651262142603405,65.77725043115501,85.39922356153279,658
299,0.33328473701583977,0.06174217328336285,33.995188964568136,62.40794475805115,340
300,0.18088046115592324,0.6108632296445187,18.9071656544364,83.82366595613622,189
301,0.9158001411420766,0.008696292685741343,91.66421397306559,60.339155414743914,917
302,0.9478616842784059,0.5982459734906261,94.83830674356219,83.33159296613442,948
303,0.39977563073947514,0.793258442292978,40.57778744320804,90.93707924942615,406
304,0.23210381059840615,0.31903952820093634,23.978277249242208,72.44254159983652,240
305,0.5619811120709417,0.0067150133895854565,56.636130095023226,60.261885522193836,566
306,0.8003205406968257,0.14902469361715956,80.23173352898574,65.81196305106923,802
307,0.7879573706214436,0.18410481897226366,79.00777969152291,67.18008793991828,790
308,0.39336044612600796,0.6045466616868074,39.94268416647479,83.57731980578549,399
309,0.38069720384761563,0.39726383422138795,38.68902318091395,75.49328953463413,387
310,0.5508532866048002,0.384060932614406,55.53447537387522,74.97837637196183,555
311,0.19917235299133904,0.8686617230077711,20.718062946142563,93.87780719730307,207
312,0.21123754649487952,0.4969228112335844,21.91251710299307,79.37998963810979,219
313,0.8459773844488364,0.7340682037671934,84.7517610604348,88.62865994692055,848
314,0.08035901855189895,0.8040811336615419,8.955542836637996,91.35916421280014,90
315,0.7154719621694551,0.18880377469403767,71.83172425477605,67.36334721306747,718
316,0.6682940478402053,0.25417690850010194,67.16111073618032,69.91289943150397,672
317,0.9441127956537406,0.19068525772233452,94.46716676972032,67.43672505117105,945
318,0.3341511165929442,0.89550901667941,34.080960542701476,94.92485165049699,341
319,0.0461790838323138,0.29686475922149513,5.571729299399066,71.5777256096383,56
320,0.3842319883706042,0.16651253827222623,39.03896684868982,66.49398899261682,390
321,0.6800310173789148,0.28746658950911763,68.32307072051256,71.21119699085558,683
322,0.5913119420802058,0.5307590418142754,59.53988226594037,80.69960263075674,595
323,0.6088515424237942,0.7635215073206375,61.27630269995563,89.77733878550487,613
324,0.937239240692443,0.2926610958365449,93.78668482855186,71.41378273762525,938
325,0.4995308116775724,0.2790775528460315,50.45355035607967,70.88402456099523,505
326,0.3382470410023236,0.025299088002158625,34.48645705923004,60.98666443208418,345
327,0.6769242689234558,0.5708283193163046,68.01550262342212,82.26230445333587,680
328,0.16693190494929186,0.9135298316061206,17.526258589979893,95.6276634326387,175
329,0.9090820239960276,0.2204920466415588,90.99912037560672,68.5991898190208,910
330,0.04348111137397286,0.4014520144376222,5.304630026023314,75.65662856306727,53
331,0.4745620064008694,0.08131984398102984,47.98163863368607,63.171473915260165,480
332,0.09147540213847737,0.946713227228429,10.056064811709259,96.92181586190873,101
333,0.5539583990786766,0.6126899427727289,55.84188150878899,83.89490776813642,558
334,0.250032174507108,0.4242293176884751,25.753185276203695,76.54494338985053,258
335,0.6264755303801928,0.6940827775281394,63.021077507639085,87.06922832359743,630
336,0.010152759637834238,0.01365878533563532,2.0051232041455895,60.53269262808978,20
337,0.6759667729725419,0.7119112887380253,67.92071052428165,87.76454026078298,679
338,0.09444981274040554,0.12126533696840747,10.350531461300148,64.72934814176789,104
339,0.6077776321983955,0.6189689717774226,61.16998558764116,84.13978989931948,612
340,0.23711981423568318,0.7144551726606758,24.474861609332635,87.86375173376635,245
341,0.13907402040431538,0.14396211916143142,14.768328020027223,65.61452264729583,148
342,0.7972213545803447,0.6011484365583836,79.92491410345413,83.44478902577696,799
343,0.29908146917454986,0.6236891486149325,30.609065448280436,84.32387679598237,306
344,0.4842397531224054,0.026418326539136276,48.939735559118134,61.030314735026316,489
345,0.5574925175903261,0.8629850551162799,56.19175924144229,93.65641714953492,562
346,0.3693729415887278,0.6812130452384602,37.56792121728405,86.56730876429995,376
347,0.022173007662116904,0.4128764454182436,3.1951277585495736,76.1021813713115,32
348,0.894495696018517,0.7516605679486416,89.55507390583318,89.31476214999702,896
349,0.9061806177798043,0.24160026057018333,90.71188116020062,69.42241016223716,907
350,0.9252182526990964,0.509848608155825,92.59660701721054,79.88409571807718,926
351,0.6994354131087727,0.8414054433076652,70.24410589776849,92.81481228899895,702
352,0.8206436881954385,0.8900619923264816,82.24372513134841,94.71241770073279,822
353,0.7033640841016485,0.0857751797131914,70.6330443260632,63.34523200881446,706
354,0.5265354789009061,0.3995318356259594,53.1270124111897,75.58174158941242,531
355,0.8601736417014095,0.22351366386157967,86.15719052843954,68.7170328906016,862
356,0.49617797627702853,0.8446883495399936,50.121619651425824,92.94284563205974,501
357,0.6045518874291372,0.6677187583833842,60.85063685548459,86.04103157695198,609
358,0.9637066963961302,0.7197960621019011,96.40696294321688,88.07204642197414,964
359,0.3247802652040309,0.2298478972206788,33.15324625519906,68.96406799160647,332
360,0.842026993014573,0.9171718391173387,84.36067230844272,95.76970172557621,844
361,0.1910758882078062,0.0033756640878748728,19.91651293257281,60.13165089942712,199
362,0.6373502167258535,0.8396851727242335,64.09767145585948,92.7477217362451,641
363,0.5639902751314805,0.36484250763328596,56.83503723801657,74.22885779769815,568
364,0.8987528866072391,0.1528849069046193,89.97653577411667,65.96251136928015,900
365,0.6181921025153283,0.4118371604863234,62.2010181490175,76.06164925896661,622
366,0.41149869037002806,0.33348313420036585,41.73837034663278,73.00584223381426,417
367,0.12476017087872432,0.4088909583376354,13.351256916993707,75.94674737516777,134
368,0.4276109506592226,0.35919580218733443,43.33348411526304,74.00863628530604,433
369,0.1721885646050547,0.5791009358769846,18.046667895900413,82.5849364992024,180
370,0.8480405705419818,0.47398709557767393,84.9560164836562,78.48549672752928,850
371,0.07234659824684037,0.24227647139588077,8.162313226437195,69.44878238443935,82
372,0.02642883333833688,0.7276911382487794,3.6164545004953514,88.3799543917024,36
373,0.18405864018203436,0.26190862021654254,19.2218053780214,70.21443618844516,192
374,0.3860019250733445,0.4484560300376411,39.21419058226111,77.489785171468,392
375,0.6884814943255925,0.9863220876853486,69.15966793823365,98.46656141972859,692
376,0.9057215119674865,0.016223857505799768,90.66642968478116,60.63273044272619,907
377,0.03354731716882694,0.26780724297179825,4.321184399713867,70.44448247590013,43
378,0.1508527018932828,0.9034773639061748,15.934417487434995,95.23561719234081,159
379,0.9539478040208909,0.982198319336984,95.4408325980682,98.30573445414237,954
380,0.8593869491066681,0.021792927912299146,86.07930796156015,60.849924188579664,861
381,0.44863892719603843,0.08282490771356413,45.4152537924078,63.230171400829,454
382,0.7298545500215511,0.5586769407962223,73.25560045213356,81.78840069105267,733
383,0.06354036750590124,0.2775836174209561,7.290496383084222,70.82576107941729,73
384,0.9128591086498339,0.8216562925053521,91.37305175633355,92.04459540770873,914
385,0.11032722251630293,0.6311529376655536,11.922395029113991,84.6149645689566,119
386,0.6179921021021325,0.516649448035478,62.18121810811112,80.14932847338363,622
387,0.6501716616438833,0.25073811072752805,65.36699450274445,69.77878631837359,654
388,0.5369459522894078,0.23596992191669755,54.15764927665137,69.2028269547512,542
389,0.4341290089033719,0.904510945286212,43.97877188143382,95.27592686616227,440
390,0.6843093724315675,0.6777398746550451,68.74662787072519,86.43185511154675,687
391,0.4095952913115133,0.16269156094426987,41.54993383983982,66.34497087682652,415
392,0.23484278164682812,0.9781783779338535,24.249435383035983,98.14895673942029,242
393,0.03659715813034155,0.8540311977140296,4.623118654903813,93.30721671084714,46
394,0.5042593931902679,0.8738496199202205,50.92167992583652,94.0801351768886,509
395,0.9849535000147674,0.45145976472029486,98.51039650146198,77.6069308240915,985
396,0.5020676686865101,0.0154502360260227,50.7046991999645,60.602559205014884,507
397,0.3667616925397572,0.9991780176459272,37.30940756143596,98.96794268819116,373
398,0.5931503964595862,0.8144349048728259,59.721889249499036,91.76296129004021,597
399,0.12794458448271245,0.5850417084203702,13.666513863788532,82.81662662839443,137
400,0.6490259604630813,0.7770726159098177,65.25357008584504,90.30583202048288,653
401,0.24322384085285018,0.5436573471825862,25.079160244432167,81.20263654012086,251
402,0.8538669249201295,0.05507491176082629,85.53282556709281,62.14792155867222,855
403,0.5096461031754486,0.2130389472757219,51.454964214369404,68.30851894375316,515
404,0.7944324925836771,0.10529950744179885,79.64881676578403,64.10668079023016,796
405,0.6602630870266338,0.8821130113981083,66.36604561563675,94.40240744452623,664
406,0.5649320540145466,0.27381864776855963,56.92827334744011,70.67892726297383,569
407,0.05501365973950844,0.19891382396331692,6.446352314211335,67.75763913456936,64
408,0.546056583988916,0.5679286880782908,55.059601814902685,82.14921883505335,551
409,0.347414017691373,0.07427052772529959,35.39398775144593,62.89655058128668,354
410,0.9645088003272272,0.21450765472309188,96.4863712323955,68.36579853420058,965
411,0.08877524348084134,0.11480289904234556,9.788749104603292,64.47731306265148,98
412,0.13435874621500174,0.34407665590940584,14.301515875285173,73.41898958046683,143
413,0.6949343885101811,0.8085982100639842,69.79850446250792,91.5353301924954,698
414,0.5767822708659912,0.956612242718719,58.10144481573313,97.30787746603005,581
415,0.6257001784712307,0.1231817606321958,62.94431766865184,64.80408866465564,629
416,0.37410429440361825,0.35434018866598277,38.03632514595821,73.81926735797333,380
417,0.07143310707772815,0.45267126039352185,8.071877600695087,77.65417915534735,81
418,0.20174980848597002,0.4464883612524472,20.97323104011103,77.41304608884545,210
419,0.569310305023373,0.08640183339165887,57.36172019731393,63.3696715022747,574
420,0.5677670595133717,0.47401351065599245,57.2089388918238,78.48652691558371,572
421,0.8075152292984437,0.30795909210958716,80.94400770054592,72.0104045922739,809
422,0.20849990065739507,0.9539101268924214,21.64149016508211,97.20249494880443,216
423,0.4228965834670472,0.38661979939702124,42.866761763237676,75.07817217648383,429
424,0.00022883996010235853,0.15471273255985343,1.0226551560501336,66.03379656983428,10
425,0.004322409656299295,0.6648941130453658,1.4279185559736303,85.93087040876927,14
426,0.5944189609310521,0.8325429685791705,59.847477132174156,92.46917577458765,598
427,0.3776944738965334,0.5193614711804729,38.391752915756804,80.25509737603845,384
428,0.9571559451783497,0.7541254185293369,95.75843857265662,89.41089132264415,958
429,0.28985790424019053,0.788046382844345,29.695932519778864,90.73380893092946,297
430,0.7260695585149042,0.6538598156396571,72.88088629297552,85.50053280994663,729
431,0.6119577690570049,0.2999484787161017,61.58381913664349,71.69799066992796,616
432,0.9014049295197075,0.9733282907572974,90.23908802245104,97.9598033395346,902
433,0.44572079751920035,0.9088318151949206,45.126358954400835,95.44444079260191,451
434,0.7376954261077944,0.7423465437514896,74.03184718467165,88.9515152063081,740
435,0.779524148592307,0.2459458477576772,78.1728907106384,69.59188806254942,782
436,0.8503198854958122,0.86694095679708,85.18166866408541,93.81069731508612,852
437,0.6212911391501702,0.14442131082637202,62.50782277586685,65.63243112222851,625
438,0.11808351037322057,0.08864123760896855,12.690267526948837,63.457008266749774,127
439,0.18324096626012296,0.3829443762680113,19.140855659752173,74.93483067445244,191
440,0.24679914868567984,0.2635068523192833,25.433115719882306,70.27676724045205,254
441,0.3313150633273856,0.3140821929486441,33.80019126941117,72.24920552499712,338
442,0.705403997943854,0.9808804852716105,70.83499579644155,98.2543389255928,708
443,0.4005074148251459,0.47893609380258195,40.650234067689446,78.6785076583007,407
444,0.03917335376840444,0.5111770133532048,4.87816202307204,79.93590352077499,49
445,0.2527812232135589,0.2652630437606055,26.02534109814233,70.34525870666361,260
446,0.14700730845463617,0.6840082095368709,15.553723537008981,86.67632017193796,156
447,0.7624054447830425,0.1787058631661632,76.4781390335212,66.96952866348036,765
448,0.32700604437378933,0.3014802437336737,33.373598393005146,71.75772950561327,334
449,0.2032184261266045,0.7388958150392972,21.118624186533847,88.8169367865326,211
450,0.6425166894438592,0.5382332787132271,64.60915225494206,80.99109786981586,646
451,0.22312804689419527,0.20722354335086468,23.089676642525333,68.08171819068372,231
452,0.8359102166645388,0.268735833966157,83.75511144978934,70.48069752468012,838
453,0.10557628554876439,0.544331213368372,11.452052269327675,81.22891732136651,115
454,0.9916211172192275,0.9489344890695464,99.17049060470353,97.00844507371231,992
455,0.14341103677914532,0.42014530488531465,15.197692641135387,76.38566689052728,152
456,0.10362394191364453,0.746860540261183,11.258770249450809,89.12756107018613,113
457,0.8821403037429479,0.7712806978113802,88.33189007055185,90.07994721464382,883
458,0.7449538520687874,0.4774266165730221,74.75043135480995,78.61963804634786,748
459,0.8643051641758597,0.3408536112332732,86.5662112534101,73.29329083809765,866
460,0.690387694205604,0.7699396329446125,69.34838172635479,90.02764568483988,693
461,0.9106541633348694,0.6607189867707698,91.15476217015207,85.76804048406002,912
462,0.9551498876711696,0.18096607659512765,95.55983887944579,67.05767698720997,956
463,0.4516085350828046,0.09571894932587664,45.709244973197656,63.73303902370919,457
464,0.2121068577684961,0.8425343737967401,21.998578919081115,92.85884057807286,220
465,0.27838535021922245,0.1318513920060624,28.560149671703023,65.14220428823643,286
466,0.1333067343580064,0.5029919633455949,14.197366701442634,79.61668657047821,142
467,0.7010816219613883,0.5223152039662518,70.40708057417744,80.37029295468382,704
468,0.42022332610704766,0.2743500701061448,42.60210928459772,70.69965273413965,426
469,0.034603216629791655,0.12692602081244608,4.425718446349373,64.9501148116854,44
470,0.5325174665295341,0.6156826024078043,53.71922918642388,84.01162149390436,537
471,0.8550071313794753,0.4172465366811878,85.64570600656805,76.27261493056632,856
472,0.8195080392709149,0.7861194554717363,82.13129588782057,90.65865876339771,821
473,0.24164834375506314,0.6722694678699611,24.92318603175125,86.21850924692848,249
474,0.5165642100888233,0.8478465885352345,52.1398567987935,93.06601695287415,521
475,0.7211716286444527,0.20467055140140006,72.39599123580082,67.98215150465461,724
476,0.41943202663963336,0.6970171585225086,42.5237706373237,87.18366918237783,425
477,0.5749005510075595,0.6685327276503867,57.915154549748394,86.07277637836509,579
478,0.15807920338169962,0.7576320228637501,16.64984113478826,89.54764889168625,166
479,0.9678558918588023,0.0052190410499469465,96.81773329402142,60.203542600947934,968
480,0.9485479465652964,0.11979385734693439,94.90624670996435,64.67196043653044,949
481,0.8088272380811665,0.699359096532359,81.07389657003549,87.275004764762,811
482,0.1375636988567808,0.28161437727833943,14.618806186821299,70.98296071385523,146
483,0.6451026009730294,0.48878291010724134,64.86515749632991,79.06253349418242,649
484,0.11508647361823933,0.04794233073502299,12.393560888205693,61.8697508986659,124
485,0.8938148536158288,0.33149794828116397,89.48767050796705,72.9284199829654,895
486,0.7395778436276566,0.8930306294026481,74.218206519138,94.82819454670327,742
487,0.9886350152846697,0.9438486234118553,98.8748665131823,96.81009631306236,989
488,0.9354143548225335,0.7093922857555672,93.60602112743082,87.66629914446712,936
489,0.20582768463731207,0.45579868947476615,21.376940779093896,77.77614888951588,214
490,0.540070901563171,0.32697168607963656,54.46701925475392,72.75189575710583,545
491,0.3137168836549372,0.6288173765231029,32.057971481838784,84.52387768440101,321
492,0.10921406070076989,0.06430241708793669,11.812192009376218,62.50779426642953,118
493,0.6125022690631406,0.2707347186319734,61.637724637250926,70.55865402664696,616
494,0.22029191825637418,0.8643781967799294,22.808899907381043,93.71074967441726,228
495,0.43363156553423077,0.2486343170263324,43.92952498788885,69.69673836402697,439
496,0.34367363597723893,0.05734094692636899,35.023689961746655,62.23629693012839,350
497,0.27545943990518024,0.2010309422140073,28.270484550612842,67.84020674634628,283
498,0.6621765944946694,0.8268596679729371,66.55548285497227,92.24752705094454,666
499,0.9701970821440322,0.23654221481043683,97.04951113225918,69.22514637760703,970
500,0.8323210922661166,0.4566986087383062,83.39978813434554,77.81124574079394,834
