source_row,p0,path_index,outcome,estimate,ci_low,ci_high
0,10,0,E_mean,39.919800000000002,38.9532799451,40.886320054899997
1,10,0,O_final,21.030000000000001,20.247298111500001,21.812701888500001
2,10,1,E_mean,49.761600000000001,49.132145655599999,50.391054344399997
3,10,1,O_final,72.359999999999999,71.761304393100005,72.958695606899994
4,10,2,E_mean,10.3281333333,9.4258437513499995,11.2304229153
5,10,2,O_final,46.996666666700001,45.630110560200002,48.3632227732
6,10,3,E_mean,10.978,10.041259718199999,11.9147402818
7,10,3,O_final,-30.039999999999999,-30.654711902799999,-29.425288097199999
8,10,4,E_mean,0.3034,0.237648188659,0.369151811341
9,10,4,O_final,-4.2066666666700003,-4.4322967464099996,-3.9810365869300002
10,30,0,E_mean,46.194000000000003,45.5037201369,46.884279863099998
11,30,0,O_final,20.523333333299998,19.843830951600001,21.202835714999999
12,30,1,E_mean,54.571199999999997,54.230479980600002,54.9119200194
13,30,1,O_final,73.253333333300006,72.712065919099999,73.794600747600001
14,30,2,E_mean,22.0306,20.6885754861,23.3726245139
15,30,2,O_final,47.5,46.4689568923,48.5310431077
16,30,3,E_mean,11.150066666700001,10.5156592618,11.7844740716
17,30,3,O_final,-26.440000000000001,-26.9958092593,-25.884190740699999
18,30,4,E_mean,0.68300000000000005,0.62836138140099995,0.73763861859900004
19,30,4,O_final,-4.5499999999999998,-4.8116610617799997,-4.2883389382199999
20,50,0,E_mean,50.989866666700003,50.421417976500003,51.558315356800001
21,50,0,O_final,20.313333333300001,19.542674537100002,21.0839921295
22,50,1,E_mean,56.623533333300003,56.307287613100002,56.939779053599999
23,50,1,O_final,74.166666666699996,73.691170701299995,74.642162632099996
24,50,2,E_mean,31.243933333299999,29.74078682,32.747079846699997
25,50,2,O_final,48.563333333300001,47.839771273700002,49.286895393000002
26,50,3,E_mean,10.532400000000001,9.9279653715999991,11.136834628400001
27,50,3,O_final,-24.303333333299999,-24.959573684799999,-23.647092981899998
28,50,4,E_mean,0.992333333333,0.91527123813699995,1.06939542853
29,50,4,O_final,-4.4966666666700004,-4.7964812864099997,-4.1968520469200001
