condition_id,outcome,n,n_total,n_missing,mean,sd,se,ci_low,ci_high,ci_status,configuration_hash,design_family,primary_module,sensitivity_actor,lhs_point_id,output_mode,expected_rows_per_run,network-type,num-nodes,ba-m,ws-rewire-prob,p0,beta0,amplification,super-ratio,treatment,targeting-mode,legal-strength,legal-response-time,legal-tpr,legal-tnr,platform-speed,platform-tpr,platform-tnr,platform-workload-mode,demand-kappa,lambda-weight,max-ticks,x,y
22,E_mean,30,30,0,74.506133333299999,5.26004614988,0.96034864326900005,72.541999821299996,76.470266845300003,estimated,35dbe5e1981fafc7914dd6d15027213c746e00c1b4b00b74c694dfc850108d41,grid,core_legal,,,trajectory,51,BA,1000,2,0.10000000000000001,50,0.10000000000000001,0.5,1,legal,targeted,50,1,95,95,75,80,80,fixed,1,1,50,0,0
23,E_mean,30,30,0,39.6126,0.80001795669499998,0.14606262709699999,39.313868385500001,39.9113316145,estimated,e9634e82a53194fb4744bd54bc75e3765d093ecd9dd049d95ad515046bad2335,grid,core_legal,,,trajectory,51,BA,1000,2,0.10000000000000001,50,0.10000000000000001,0.5,1,legal,targeted,50,5,95,95,75,80,80,fixed,1,1,50,1,0
24,E_mean,30,30,0,24.623733333299999,0.72080027045299999,0.131599522528,24.354582089000001,24.892884577699999,estimated,ef2b992c3f130afd0d425ca6715fd50c9286390cff5ad360437625c6cd55a6f5,grid,core_legal,,,trajectory,51,BA,1000,2,0.10000000000000001,50,0.10000000000000001,0.5,1,legal,targeted,50,10,95,95,75,80,80,fixed,1,1,50,2,0
25,E_mean,30,30,0,99.046733333299997,0.062483064372100001,0.011407794606200001,99.023401773700002,99.070064892999994,estimated,9675b998cbf64d37d4c09c5a5ba7073bb73e3fc09ec92e34b98bf9e97d4af988,grid,core_legal,,,trajectory,51,BA,1000,2,0.10000000000000001,50,0.10000000000000001,0.5,1,legal,targeted,70,1,95,95,75,80,80,fixed,1,1,50,0,1
26,E_mean,30,30,0,71.257133333300004,1.1945357988400001,0.21809140092400001,70.811086335499994,71.703180331200002,estimated,b6e4ffe3d69657f325f80ac158068ddde66056820ea6fd27f76056c649ebb564,grid,core_legal,,,trajectory,51,BA,1000,2,0.10000000000000001,50,0.10000000000000001,0.5,1,legal,targeted,70,5,95,95,75,80,80,fixed,1,1,50,1,1
27,E_mean,30,30,0,42.423200000000001,0.84501256468899999,0.15427748101899999,42.107667122700001,42.738732877300002,estimated,bddf7188e78d7f347bb164907972f370e59a7c0a223d9a5576cf5ee33562960d,grid,core_legal,,,trajectory,51,BA,1000,2,0.10000000000000001,50,0.10000000000000001,0.5,1,legal,targeted,70,10,95,95,75,80,80,fixed,1,1,50,2,1
28,E_mean,30,30,0,99.782133333299996,0.020212207532399998,0.0036902273341599999,99.774585970999993,99.7896806957,estimated,b04064cd2df26f6da91fbfc90eaeb5723d4ffab9b27860cc6722e571e31f3f1a,grid,core_legal,,,trajectory,51,BA,1000,2,0.10000000000000001,50,0.10000000000000001,0.5,1,legal,targeted,90,1,95,95,75,80,80,fixed,1,1,50,0,2
29,E_mean,30,30,0,90.602466666699996,1.3255200861700001,0.24200575054099999,90.107509332099994,91.097424001199997,estimated,83f47ae8bdcf2395b6a9e3280902ec0c374cbd818b3d6494b3ae511f690872f2,grid,core_legal,,,trajectory,51,BA,1000,2,0.10000000000000001,50,0.10000000000000001,0.5,1,legal,targeted,90,5,95,95,75,80,80,fixed,1,1,50,1,2
30,E_mean,30,30,0,61.627000000000002,1.0817710574299999,0.19750347006999999,61.223060048599997,62.030939951400001,estimated,45609e091ff81c824f785200f2124b8a7ffd4e7cad534e27d67ce8d9c5f66363,grid,core_legal,,,trajectory,51,BA,1000,2,0.10000000000000001,50,0.10000000000000001,0.5,1,legal,targeted,90,10,95,95,75,80,80,fixed,1,1,50,2,2
