condition_id,outcome,n,n_total,n_missing,mean,sd,se,ci_low,ci_high,ci_status,configuration_hash,design_family,primary_module,sensitivity_actor,lhs_point_id,output_mode,expected_rows_per_run,network-type,num-nodes,ba-m,ws-rewire-prob,p0,beta0,amplification,super-ratio,treatment,targeting-mode,legal-strength,legal-response-time,legal-tpr,legal-tnr,platform-speed,platform-tpr,platform-tnr,platform-workload-mode,demand-kappa,lambda-weight,max-ticks,plot_x,plot_y,value,lower,upper,error_minus,error_plus,plot_scale
34,O_final,30,30,0,99.973333333300005,0.0583292280986,0.0106494113305,99.951552841600005,99.995113825100006,estimated,ee7a9e076f94ddc730e30590f3b1b42748382d2c75aa2d5873fc4009eaaa446c,grid,core_platform,,,trajectory,51,BA,1000,2,0.10000000000000001,10,0.10000000000000001,0.5,1,platform,targeted,70,5,95,95,75,70,70,fixed,1,1,50,0,0,99.973333333300005,99.951552841600005,99.995113825100006,0.021780491700000,0.021780491800001,1
166,O_final,30,30,0,99.719999999999999,0.1788854382,0.032659863237099997,99.653203079600004,99.786796920399993,estimated,d6803cd2903a23c787ddf8fd2fa3ecaa2922effff121ea93cb101e4d8552d67f,grid,P6_platform,,,trajectory,51,BA,1000,2,0.10000000000000001,10,0.10000000000000001,0.5,1,platform,targeted,70,5,95,95,75,70,80,fixed,1,1,50,1,0,99.719999999999999,99.653203079600004,99.786796920399993,0.066796920399995,0.066796920399994,1
167,O_final,30,30,0,95.790000000000006,0.60932410264900005,0.11124685195099999,95.562474640800005,96.017525359199993,estimated,28e748b6380d97d7c028c31f838e0c994836d86ccf09b5f90c60524682e0419a,grid,P6_platform,,,trajectory,51,BA,1000,2,0.10000000000000001,10,0.10000000000000001,0.5,1,platform,targeted,70,5,95,95,75,70,90,fixed,1,1,50,2,0,95.790000000000006,95.562474640800005,96.017525359199993,0.227525359200001,0.227525359199987,1
168,O_final,30,30,0,99.986666666700003,0.034574590364199999,0.0063124276863199998,99.973756302400005,99.999577030899999,estimated,e47205b70561935c8b00e8076dd920dcc7d82943168d5c9ac1a2f515b4afb1fd,grid,P6_platform,,,trajectory,51,BA,1000,2,0.10000000000000001,10,0.10000000000000001,0.5,1,platform,targeted,70,5,95,95,75,80,70,fixed,1,1,50,0,1,99.986666666700003,99.973756302400005,99.999577030899999,0.012910364299998,0.012910364199996,1
35,O_final,30,30,0,99.743333333300001,0.194197434788,0.035455438547599999,99.670818819399997,99.815847847200004,estimated,d8f714f904f640d2b4372176314a5c0e5859097f78485cc3e6af198dc7608617,grid,core_platform,,,trajectory,51,BA,1000,2,0.10000000000000001,10,0.10000000000000001,0.5,1,platform,targeted,70,5,95,95,75,80,80,fixed,1,1,50,1,1,99.743333333300001,99.670818819399997,99.815847847200004,0.072514513900004,0.072514513900003,1
169,O_final,30,30,0,95.769999999999996,0.61875849001500005,0.112969327543,95.538951782699996,96.001048217299996,estimated,215d25135ede1aa6338ab39beb62058f8ba49667ee8fa533f01c7d3f8e44729e,grid,P6_platform,,,trajectory,51,BA,1000,2,0.10000000000000001,10,0.10000000000000001,0.5,1,platform,targeted,70,5,95,95,75,80,90,fixed,1,1,50,2,1,95.769999999999996,95.538951782699996,96.001048217299996,0.231048217300000,0.231048217300000,1
170,O_final,30,30,0,99.980000000000004,0.040683810217200002,0.0074278135270800004,99.964808415600004,99.995191584400004,estimated,ee2b3ff4cffc90cc8318f65cae6fad1450a12ec8fdf85d00d87adea102a78581,grid,P6_platform,,,trajectory,51,BA,1000,2,0.10000000000000001,10,0.10000000000000001,0.5,1,platform,targeted,70,5,95,95,75,90,70,fixed,1,1,50,0,2,99.980000000000004,99.964808415600004,99.995191584400004,0.015191584400000,0.015191584400000,1
171,O_final,30,30,0,99.736666666700003,0.167091412795,0.0305065786511,99.674273707699996,99.799059625599995,estimated,c3831d54a99e9976a4f46aa2e305157c364b2ac14edf58181f754d2a5cabe946,grid,P6_platform,,,trajectory,51,BA,1000,2,0.10000000000000001,10,0.10000000000000001,0.5,1,platform,targeted,70,5,95,95,75,90,80,fixed,1,1,50,1,2,99.736666666700003,99.674273707699996,99.799059625599995,0.062392959000007,0.062392958899992,1
36,O_final,30,30,0,95.766666666700004,0.60191266025500001,0.10989371388999999,95.541908785499999,95.991424547799994,estimated,07d7fb4122860ca9cb3278cfd4154dd118fb03680c18f28b4cf461a7ca52cd56,grid,core_platform,,,trajectory,51,BA,1000,2,0.10000000000000001,10,0.10000000000000001,0.5,1,platform,targeted,70,5,95,95,75,90,90,fixed,1,1,50,2,2,95.766666666700004,95.541908785499999,95.991424547799994,0.224757881200005,0.224757881099990,1
