actor,p0,stratum,outcome,method,bins,aggregation,input,estimate,n_lhs,repeats,estimate_20,rank_30,rank_20,estimable,row_ci95_low,row_ci95_high,row_valid_resamples,mc_ci95_low,mc_ci95_high,mc_valid_resamples
legal,10,legal_p010,O_final,PAWN,5,median,legal-strength,0.246,500,30,0.244,1,1,True,0.207025648279,0.318388188073,1000,0.238,0.248,1000
legal,10,legal_p010,O_final,PAWN,5,median,legal-response-time,0.19,500,30,0.19,3,3,True,0.165999056604,0.275066514111,1000,0.184,0.198,1000
legal,10,legal_p010,O_final,PAWN,5,median,alpha_legal,0.228,500,30,0.23,2,2,True,0.170072222222,0.284,1000,0.22395,0.23405,1000
legal,10,legal_p010,O_final,PAWN,5,mean,legal-strength,0.2956,500,30,0.2936,1,1,True,0.274380606204,0.337960353837,1000,0.29,0.2968,1000
legal,10,legal_p010,O_final,PAWN,5,mean,legal-response-time,0.2548,500,30,0.2552,2,2,True,0.236345590247,0.304122380691,1000,0.2528,0.2572,1000
legal,10,legal_p010,O_final,PAWN,5,mean,alpha_legal,0.2252,500,30,0.2232,3,3,True,0.20442884466,0.269329415307,1000,0.2208,0.2272,1000
legal,10,legal_p010,O_final,PAWN,5,maximum,legal-strength,0.508,500,30,0.508,1,1,True,0.443689479176,0.576369251337,1000,0.494,0.51,1000
legal,10,legal_p010,O_final,PAWN,5,maximum,legal-response-time,0.48,500,30,0.478,2,2,True,0.416281148748,0.565193701997,1000,0.474,0.484,1000
legal,10,legal_p010,O_final,PAWN,5,maximum,alpha_legal,0.412,500,30,0.41,3,3,True,0.354755820106,0.506719486504,1000,0.408,0.422,1000
legal,10,legal_p010,O_final,PAWN,10,median,legal-strength,0.301,500,30,0.3,1,1,True,0.269694233507,0.37550545393,1000,0.296,0.308,1000
legal,10,legal_p010,O_final,PAWN,10,median,legal-response-time,0.236,500,30,0.239,2,2,True,0.219367857143,0.314996127682,1000,0.233,0.245,1000
legal,10,legal_p010,O_final,PAWN,10,median,alpha_legal,0.224,500,30,0.223,3,3,True,0.187664355647,0.290069801092,1000,0.216,0.235,1000
legal,10,legal_p010,O_final,PAWN,10,mean,legal-strength,0.3292,500,30,0.3288,1,1,True,0.312916627648,0.375953646949,1000,0.325995,0.3318,1000
legal,10,legal_p010,O_final,PAWN,10,mean,legal-response-time,0.2752,500,30,0.2762,2,2,True,0.267496259156,0.329105449798,1000,0.2734,0.2776,1000
legal,10,legal_p010,O_final,PAWN,10,mean,alpha_legal,0.2542,500,30,0.2536,3,3,True,0.242887806932,0.305193569822,1000,0.2496,0.256805,1000
legal,10,legal_p010,O_final,PAWN,10,maximum,legal-strength,0.642,500,30,0.64,1,1,True,0.592336460348,0.730674418605,1000,0.632,0.65605,1000
legal,10,legal_p010,O_final,PAWN,10,maximum,legal-response-time,0.564,500,30,0.568,3,3,True,0.484362679426,0.679571068427,1000,0.56,0.57,1000
legal,10,legal_p010,O_final,PAWN,10,maximum,alpha_legal,0.624,500,30,0.624,2,2,True,0.520056015038,0.717095881007,1000,0.606,0.628,1000
legal,10,legal_p010,O_final,PAWN,20,median,legal-strength,0.313,500,30,0.312,1,1,True,0.301507354798,0.393,1000,0.306,0.32,1000
legal,10,legal_p010,O_final,PAWN,20,median,legal-response-time,0.263,500,30,0.262,2,2,True,0.267999671053,0.365327207419,1000,0.259,0.269,1000
legal,10,legal_p010,O_final,PAWN,20,median,alpha_legal,0.23,500,30,0.228,3,3,True,0.240325757576,0.334156818182,1000,0.219,0.238,1000
legal,10,legal_p010,O_final,PAWN,20,mean,legal-strength,0.3561,500,30,0.3551,1,1,True,0.349792466381,0.408994995724,1000,0.3528975,0.3581,1000
legal,10,legal_p010,O_final,PAWN,20,mean,legal-response-time,0.3015,500,30,0.3027,2,2,True,0.309912638662,0.365324854474,1000,0.3002,0.3035,1000
legal,10,legal_p010,O_final,PAWN,20,mean,alpha_legal,0.2713,500,30,0.2718,3,3,True,0.286483345181,0.345707851887,1000,0.2682,0.2738,1000
legal,10,legal_p010,O_final,PAWN,20,maximum,legal-strength,0.748,500,30,0.744,2,2,True,0.660477272727,0.848,1000,0.738,0.756,1000
legal,10,legal_p010,O_final,PAWN,20,maximum,legal-response-time,0.684,500,30,0.684,3,3,True,0.588593478261,0.82005,1000,0.684,0.688,1000
legal,10,legal_p010,O_final,PAWN,20,maximum,alpha_legal,0.764,500,30,0.766,1,1,True,0.664796618357,0.86805,1000,0.746,0.77,1000
legal,30,legal_p030,O_final,PAWN,5,median,legal-strength,0.25,500,30,0.254,1,1,True,0.211897788418,0.330346099291,1000,0.248,0.258,1000
legal,30,legal_p030,O_final,PAWN,5,median,legal-response-time,0.198,500,30,0.2,3,3,True,0.18,0.279388983051,1000,0.196,0.202,1000
legal,30,legal_p030,O_final,PAWN,5,median,alpha_legal,0.208,500,30,0.208,2,2,True,0.159866198877,0.268358056266,1000,0.206,0.22,1000
legal,30,legal_p030,O_final,PAWN,5,mean,legal-strength,0.2988,500,30,0.2968,1,1,True,0.275094316908,0.342438294078,1000,0.2944,0.3004,1000
legal,30,legal_p030,O_final,PAWN,5,mean,legal-response-time,0.2624,500,30,0.264,2,2,True,0.246737385751,0.308587188478,1000,0.2616,0.266,1000
legal,30,legal_p030,O_final,PAWN,5,mean,alpha_legal,0.2112,500,30,0.2096,3,3,True,0.192324001486,0.258055316321,1000,0.2072,0.2144,1000
legal,30,legal_p030,O_final,PAWN,5,maximum,legal-strength,0.508,500,30,0.506,1,1,True,0.448466278958,0.5789145533,1000,0.5,0.512,1000
legal,30,legal_p030,O_final,PAWN,5,maximum,legal-response-time,0.494,500,30,0.498,2,2,True,0.428260802252,0.582101483129,1000,0.492,0.502,1000
legal,30,legal_p030,O_final,PAWN,5,maximum,alpha_legal,0.398,500,30,0.396,3,3,True,0.333331372549,0.486326644737,1000,0.39,0.406,1000
legal,30,legal_p030,O_final,PAWN,10,median,legal-strength,0.308,500,30,0.306,1,1,True,0.272994281046,0.380839870582,1000,0.304,0.315,1000
legal,30,legal_p030,O_final,PAWN,10,median,legal-response-time,0.251,500,30,0.252,2,2,True,0.230063207058,0.324470952911,1000,0.247,0.257,1000
legal,30,legal_p030,O_final,PAWN,10,median,alpha_legal,0.2,500,30,0.203,3,3,True,0.180864834115,0.283362712337,1000,0.194,0.209,1000
legal,30,legal_p030,O_final,PAWN,10,mean,legal-strength,0.3352,500,30,0.336,1,1,True,0.317407490643,0.38276463984,1000,0.332995,0.3392,1000
legal,30,legal_p030,O_final,PAWN,10,mean,legal-response-time,0.2852,500,30,0.2856,2,2,True,0.276295017443,0.336105106833,1000,0.2838,0.2884,1000
legal,30,legal_p030,O_final,PAWN,10,mean,alpha_legal,0.24,500,30,0.2402,3,3,True,0.230472536377,0.292194684356,1000,0.2352,0.242805,1000
legal,30,legal_p030,O_final,PAWN,10,maximum,legal-strength,0.654,500,30,0.656,1,1,True,0.595479271709,0.748551426025,1000,0.648,0.67,1000
legal,30,legal_p030,O_final,PAWN,10,maximum,legal-response-time,0.592,500,30,0.588,3,3,True,0.505977777778,0.692656547619,1000,0.586,0.596,1000
legal,30,legal_p030,O_final,PAWN,10,maximum,alpha_legal,0.604,500,30,0.598,2,2,True,0.506683673469,0.698835534214,1000,0.582,0.612,1000
legal,30,legal_p030,O_final,PAWN,20,median,legal-strength,0.318,500,30,0.313,1,1,True,0.301888872892,0.400970464342,1000,0.306975,0.326,1000
legal,30,legal_p030,O_final,PAWN,20,median,legal-response-time,0.276,500,30,0.276,2,2,True,0.273780906317,0.369267391304,1000,0.269,0.281,1000
legal,30,legal_p030,O_final,PAWN,20,median,alpha_legal,0.224,500,30,0.221,3,3,True,0.226305945891,0.32266547619,1000,0.213,0.231,1000
legal,30,legal_p030,O_final,PAWN,20,mean,legal-strength,0.3589,500,30,0.3581,1,1,True,0.35293571676,0.411096874931,1000,0.3564,0.3617,1000
legal,30,legal_p030,O_final,PAWN,20,mean,legal-response-time,0.3111,500,30,0.3119,2,2,True,0.315469154038,0.373044635069,1000,0.3099,0.3133,1000
legal,30,legal_p030,O_final,PAWN,20,mean,alpha_legal,0.2599,500,30,0.259,3,3,True,0.277936108973,0.332679786171,1000,0.2565975,0.2622,1000
legal,30,legal_p030,O_final,PAWN,20,maximum,legal-strength,0.74,500,30,0.75,2,1,True,0.662704435484,0.842,1000,0.72,0.752,1000
legal,30,legal_p030,O_final,PAWN,20,maximum,legal-response-time,0.708,500,30,0.71,3,3,True,0.607983333333,0.828,1000,0.704,0.71,1000
legal,30,legal_p030,O_final,PAWN,20,maximum,alpha_legal,0.742,500,30,0.736,1,2,True,0.6239625,0.846,1000,0.722,0.754,1000
legal,50,legal_p050,O_final,PAWN,5,median,legal-strength,0.256,500,30,0.258,1,1,True,0.21520329053,0.33619005102,1000,0.252,0.266,1000
legal,50,legal_p050,O_final,PAWN,5,median,legal-response-time,0.226,500,30,0.226,2,2,True,0.2,0.29016626506,1000,0.22,0.228,1000
legal,50,legal_p050,O_final,PAWN,5,median,alpha_legal,0.19,500,30,0.192,3,3,True,0.140981943964,0.254002912621,1000,0.186,0.198,1000
legal,50,legal_p050,O_final,PAWN,5,mean,legal-strength,0.2996,500,30,0.3,1,1,True,0.279037135284,0.343207925008,1000,0.2956,0.3028,1000
legal,50,legal_p050,O_final,PAWN,5,mean,legal-response-time,0.282,500,30,0.2816,2,2,True,0.262370978528,0.321950634615,1000,0.2796,0.2844,1000
legal,50,legal_p050,O_final,PAWN,5,mean,alpha_legal,0.1968,500,30,0.1968,3,3,True,0.181801721967,0.245524618521,1000,0.1928,0.2004,1000
legal,50,legal_p050,O_final,PAWN,5,maximum,legal-strength,0.496,500,30,0.496,2,2,True,0.438797385621,0.57118743905,1000,0.49,0.504,1000
legal,50,legal_p050,O_final,PAWN,5,maximum,legal-response-time,0.524,500,30,0.524,1,1,True,0.452599770056,0.59611185488,1000,0.518,0.526,1000
legal,50,legal_p050,O_final,PAWN,5,maximum,alpha_legal,0.378,500,30,0.378,3,3,True,0.31525229523,0.472643053039,1000,0.374,0.392,1000
legal,50,legal_p050,O_final,PAWN,10,median,legal-strength,0.309,500,30,0.311,1,1,True,0.27895549062,0.380837176974,1000,0.304,0.317,1000
legal,50,legal_p050,O_final,PAWN,10,median,legal-response-time,0.257,500,30,0.264,2,2,True,0.239517752973,0.33791507454,1000,0.252,0.264,1000
legal,50,legal_p050,O_final,PAWN,10,median,alpha_legal,0.188,500,30,0.185,3,3,True,0.170038091081,0.262666471114,1000,0.179,0.198,1000
legal,50,legal_p050,O_final,PAWN,10,mean,legal-strength,0.3338,500,30,0.3348,1,1,True,0.317957489396,0.381402947269,1000,0.3302,0.3366,1000
legal,50,legal_p050,O_final,PAWN,10,mean,legal-response-time,0.3,500,30,0.3012,2,2,True,0.289231810891,0.347966810893,1000,0.298395,0.3034,1000
legal,50,legal_p050,O_final,PAWN,10,mean,alpha_legal,0.2222,500,30,0.2222,3,3,True,0.217887114281,0.278068853065,1000,0.2174,0.2254,1000
legal,50,legal_p050,O_final,PAWN,10,maximum,legal-strength,0.642,500,30,0.636,1,1,True,0.568531818182,0.727859090909,1000,0.634,0.656,1000
legal,50,legal_p050,O_final,PAWN,10,maximum,legal-response-time,0.612,500,30,0.612,2,2,True,0.523257575758,0.710384636119,1000,0.61,0.614,1000
legal,50,legal_p050,O_final,PAWN,10,maximum,alpha_legal,0.586,500,30,0.588,3,3,True,0.495751851852,0.684989825581,1000,0.564,0.596,1000
legal,50,legal_p050,O_final,PAWN,20,median,legal-strength,0.305,500,30,0.308,1,1,True,0.300295187166,0.40262286373,1000,0.298,0.316,1000
legal,50,legal_p050,O_final,PAWN,20,median,legal-response-time,0.291,500,30,0.293,2,2,True,0.288487404215,0.383746583482,1000,0.282,0.294,1000
legal,50,legal_p050,O_final,PAWN,20,median,alpha_legal,0.208,500,30,0.203,3,3,True,0.219733571337,0.307850140977,1000,0.199,0.212,1000
legal,50,legal_p050,O_final,PAWN,20,mean,legal-strength,0.3547,500,30,0.3562,1,1,True,0.351122578678,0.413004840326,1000,0.3515,0.3573025,1000
legal,50,legal_p050,O_final,PAWN,20,mean,legal-response-time,0.3263,500,30,0.3262,2,2,True,0.328805808236,0.385751964395,1000,0.3238975,0.3274,1000
legal,50,legal_p050,O_final,PAWN,20,mean,alpha_legal,0.2406,500,30,0.2407,3,3,True,0.266065078553,0.320937460264,1000,0.2384,0.2447,1000
legal,50,legal_p050,O_final,PAWN,20,maximum,legal-strength,0.716,500,30,0.72,1,1,True,0.649781818182,0.844446969697,1000,0.702,0.728,1000
legal,50,legal_p050,O_final,PAWN,20,maximum,legal-response-time,0.716,500,30,0.716,1,2,True,0.623080407524,0.848,1000,0.714,0.72,1000
legal,50,legal_p050,O_final,PAWN,20,maximum,alpha_legal,0.698,500,30,0.706,3,3,True,0.595655769231,0.812,1000,0.67,0.716,1000
platform,10,platform_p010,O_final,PAWN,5,median,platform-speed,0.512,500,30,0.506,1,1,True,0.491919370845,0.563559090909,1000,0.498,0.524,1000
platform,10,platform_p010,O_final,PAWN,5,median,alpha_platform,0.17,500,30,0.174,2,2,True,0.148,0.214422407504,1000,0.17,0.176,1000
platform,10,platform_p010,O_final,PAWN,5,mean,platform-speed,0.5368,500,30,0.536,1,1,True,0.526301850976,0.561584842999,1000,0.53399,0.5392,1000
platform,10,platform_p010,O_final,PAWN,5,mean,alpha_platform,0.176,500,30,0.1764,2,2,True,0.165228397372,0.216827384859,1000,0.1732,0.1784,1000
platform,10,platform_p010,O_final,PAWN,5,maximum,platform-speed,0.79,500,30,0.79,1,1,True,0.752,0.822,1000,0.788,0.79,1000
platform,10,platform_p010,O_final,PAWN,5,maximum,alpha_platform,0.28,500,30,0.28,2,2,True,0.244,0.345541236069,1000,0.278,0.28,1000
platform,10,platform_p010,O_final,PAWN,10,median,platform-speed,0.533,500,30,0.533,1,1,True,0.524395068869,0.606891650212,1000,0.532,0.538,1000
platform,10,platform_p010,O_final,PAWN,10,median,alpha_platform,0.189,500,30,0.188,2,2,True,0.174553703704,0.245078434635,1000,0.182,0.193,1000
platform,10,platform_p010,O_final,PAWN,10,mean,platform-speed,0.5994,500,30,0.6,1,1,True,0.589138489577,0.623390682793,1000,0.5978,0.601005,1000
platform,10,platform_p010,O_final,PAWN,10,mean,alpha_platform,0.2092,500,30,0.2064,2,2,True,0.201672935416,0.256058125134,1000,0.205195,0.210205,1000
platform,10,platform_p010,O_final,PAWN,10,maximum,platform-speed,0.898,500,30,0.898,1,1,True,0.87,0.924,1000,0.896,0.898,1000
platform,10,platform_p010,O_final,PAWN,10,maximum,alpha_platform,0.388,500,30,0.386,2,2,True,0.35,0.454091463415,1000,0.384,0.392,1000
platform,10,platform_p010,O_final,PAWN,20,median,platform-speed,0.567,500,30,0.566,1,1,True,0.550325,0.625316666667,1000,0.564,0.571,1000
platform,10,platform_p010,O_final,PAWN,20,median,alpha_platform,0.209,500,30,0.213,2,2,True,0.227253533231,0.301834558824,1000,0.208,0.219,1000
platform,10,platform_p010,O_final,PAWN,20,mean,platform-speed,0.6172,500,30,0.6177,1,1,True,0.611007992423,0.643622619391,1000,0.616,0.6183,1000
platform,10,platform_p010,O_final,PAWN,20,mean,alpha_platform,0.2442,500,30,0.2426,2,2,True,0.254247183566,0.306821356567,1000,0.2425,0.2463025,1000
platform,10,platform_p010,O_final,PAWN,20,maximum,platform-speed,0.948,500,30,0.948,1,1,True,0.92795,0.966,1000,0.948,0.948,1000
platform,10,platform_p010,O_final,PAWN,20,maximum,alpha_platform,0.456,500,30,0.456,2,2,True,0.426201724138,0.599771428571,1000,0.452,0.458,1000
platform,30,platform_p030,O_final,PAWN,5,median,platform-speed,0.532,500,30,0.532,1,1,True,0.503152227723,0.57,1000,0.52195,0.546,1000
platform,30,platform_p030,O_final,PAWN,5,median,alpha_platform,0.17,500,30,0.168,2,2,True,0.147604883342,0.216267396358,1000,0.166,0.172,1000
platform,30,platform_p030,O_final,PAWN,5,mean,platform-speed,0.5412,500,30,0.542,1,1,True,0.532211827706,0.567002058078,1000,0.5384,0.5436,1000
platform,30,platform_p030,O_final,PAWN,5,mean,alpha_platform,0.1768,500,30,0.176,2,2,True,0.163499353045,0.217161452914,1000,0.1724,0.178,1000
platform,30,platform_p030,O_final,PAWN,5,maximum,platform-speed,0.788,500,30,0.788,1,1,True,0.75195,0.82205,1000,0.786,0.788,1000
platform,30,platform_p030,O_final,PAWN,5,maximum,alpha_platform,0.276,500,30,0.278,2,2,True,0.240957070707,0.336381954887,1000,0.274,0.28,1000
platform,30,platform_p030,O_final,PAWN,10,median,platform-speed,0.547,500,30,0.539,1,1,True,0.532786737401,0.60773738354,1000,0.535,0.552,1000
platform,30,platform_p030,O_final,PAWN,10,median,alpha_platform,0.188,500,30,0.184,2,2,True,0.171852203647,0.244363687783,1000,0.18,0.188,1000
platform,30,platform_p030,O_final,PAWN,10,mean,platform-speed,0.6022,500,30,0.6004,1,1,True,0.591750584318,0.626772773481,1000,0.5992,0.6034,1000
platform,30,platform_p030,O_final,PAWN,10,mean,alpha_platform,0.207,500,30,0.2046,2,2,True,0.202745582552,0.253859653942,1000,0.2034,0.2078,1000
platform,30,platform_p030,O_final,PAWN,10,maximum,platform-speed,0.896,500,30,0.896,1,1,True,0.87,0.922,1000,0.896,0.896,1000
platform,30,platform_p030,O_final,PAWN,10,maximum,alpha_platform,0.384,500,30,0.384,2,2,True,0.346,0.458463565891,1000,0.38,0.386,1000
platform,30,platform_p030,O_final,PAWN,20,median,platform-speed,0.57,500,30,0.572,1,1,True,0.55980541958,0.631004761905,1000,0.568,0.573,1000
platform,30,platform_p030,O_final,PAWN,20,median,alpha_platform,0.209,500,30,0.208,2,2,True,0.224831796079,0.30249747095,1000,0.206,0.215,1000
platform,30,platform_p030,O_final,PAWN,20,mean,platform-speed,0.6195,500,30,0.6188,1,1,True,0.613042624623,0.64649568809,1000,0.6173975,0.6203,1000
platform,30,platform_p030,O_final,PAWN,20,mean,alpha_platform,0.2423,500,30,0.2403,2,2,True,0.254203492787,0.308964769059,1000,0.2401,0.2438,1000
platform,30,platform_p030,O_final,PAWN,20,maximum,platform-speed,0.948,500,30,0.948,1,1,True,0.926,0.968,1000,0.948,0.948,1000
platform,30,platform_p030,O_final,PAWN,20,maximum,alpha_platform,0.456,500,30,0.456,2,2,True,0.426,0.604614285714,1000,0.452,0.458,1000
platform,50,platform_p050,O_final,PAWN,5,median,platform-speed,0.554,500,30,0.544,1,1,True,0.514811730598,0.580833562902,1000,0.528,0.554,1000
platform,50,platform_p050,O_final,PAWN,5,median,alpha_platform,0.168,500,30,0.168,2,2,True,0.147047515528,0.213347475832,1000,0.166,0.172,1000
platform,50,platform_p050,O_final,PAWN,5,mean,platform-speed,0.5456,500,30,0.5432,1,1,True,0.53562123842,0.569525678838,1000,0.5404,0.546,1000
platform,50,platform_p050,O_final,PAWN,5,mean,alpha_platform,0.1736,500,30,0.1736,2,2,True,0.16181999928,0.21553088571,1000,0.172,0.1764,1000
platform,50,platform_p050,O_final,PAWN,5,maximum,platform-speed,0.782,500,30,0.782,1,1,True,0.742,0.818,1000,0.78,0.786,1000
platform,50,platform_p050,O_final,PAWN,5,maximum,alpha_platform,0.27,500,30,0.272,2,2,True,0.239994495413,0.340965693013,1000,0.27,0.274,1000
platform,50,platform_p050,O_final,PAWN,10,median,platform-speed,0.559,500,30,0.554,1,1,True,0.542978296146,0.608607295646,1000,0.542,0.559,1000
platform,50,platform_p050,O_final,PAWN,10,median,alpha_platform,0.179,500,30,0.176,2,2,True,0.171479237288,0.240927460339,1000,0.176,0.185,1000
platform,50,platform_p050,O_final,PAWN,10,mean,platform-speed,0.6052,500,30,0.604,1,1,True,0.59335539471,0.627557569848,1000,0.6014,0.6054,1000
platform,50,platform_p050,O_final,PAWN,10,mean,alpha_platform,0.2038,500,30,0.203,2,2,True,0.199595873298,0.252809405216,1000,0.2014,0.205805,1000
platform,50,platform_p050,O_final,PAWN,10,maximum,platform-speed,0.896,500,30,0.896,1,1,True,0.868,0.922,1000,0.896,0.896,1000
platform,50,platform_p050,O_final,PAWN,10,maximum,alpha_platform,0.382,500,30,0.384,2,2,True,0.344382352941,0.456008333333,1000,0.38,0.38405,1000
platform,50,platform_p050,O_final,PAWN,20,median,platform-speed,0.571,500,30,0.57,1,1,True,0.565265909091,0.633396428571,1000,0.569,0.574,1000
platform,50,platform_p050,O_final,PAWN,20,median,alpha_platform,0.209,500,30,0.209,2,2,True,0.223498611111,0.301151674641,1000,0.206,0.216,1000
platform,50,platform_p050,O_final,PAWN,20,mean,platform-speed,0.6212,500,30,0.6203,1,1,True,0.614328372897,0.646511428066,1000,0.6188,0.6215,1000
platform,50,platform_p050,O_final,PAWN,20,mean,alpha_platform,0.2419,500,30,0.241,2,2,True,0.251289869054,0.307275627405,1000,0.2399,0.2431,1000
platform,50,platform_p050,O_final,PAWN,20,maximum,platform-speed,0.944,500,30,0.944,1,1,True,0.922,0.966,1000,0.944,0.946,1000
platform,50,platform_p050,O_final,PAWN,20,maximum,alpha_platform,0.454,500,30,0.454,2,2,True,0.423635109718,0.597922360248,1000,0.452,0.454,1000
